{"id":"1","title":"Doeltreffende rechtshulp","text":"<div align=\"center\"><h2>Los uw juridische probleem op zonder een advocaat<br\/><\/h2><h1>Wat wilt u doen?<\/h1><\/div>","type":"menu","linkId":"203","nodes":[{"id":"2","title":"Direct mijn probleem oplossen","text":"<div align=\"center\"><h2>Maak uw keuze en klik op de link die wordt getoond<\/h2><\/div>","type":"menu","nodes":[{"id":"8","title":"Ik heb een klacht of geschil ","text":"<h2 align=\"center\">Waarover gaat uw klacht of geschil?<\/h2>","type":"menu","linkId":"947","nodes":[{"id":"533","title":"Financieel","type":"list","linkId":"947","nodes":[{"id":"1180","title":"Alimentatie","type":"link","linkId":"903"},{"id":"537","title":"Beslag op loon of uitkering","type":"link","linkId":"680"},{"id":"538","title":"Financieel product of dienstverlening","type":"list","linkId":"203","nodes":[{"id":"860","title":"Accountancy - administratieve dienst","type":"link","linkId":"807"},{"id":"861","title":"Bankzaken","type":"link","linkId":"806"},{"id":"862","title":"Lening en krediet","type":"link","linkId":"806"},{"id":"863","title":"Hypotheek","type":"link","linkId":"806"},{"id":"864","title":"Verzekeringen","type":"link","linkId":"806"},{"id":"865","title":"Beleggingen","type":"link","linkId":"806"},{"id":"866","title":"Pensioenfonds","type":"link","linkId":"753"}]},{"id":"539","title":"Schade door misdrijf of ongeluk","text":"<h2 align=\"center\">Welke oorzaak heeft de schade?<\/h2>","type":"list","linkId":"203","nodes":[{"id":"867","title":"Schade door geweld of misdrijf algemeen","type":"link","linkId":"688"},{"id":"868","title":"Schade door geweld in de priv\u00e9 sfeer","type":"link","linkId":"689"},{"id":"869","title":"Schade door een beroepsfout","text":"<h2 align=\"center\">Welk soort beroepsfout?<\/h2>","type":"list","linkId":"203","nodes":[{"id":"1032","title":" medische fout - gezondheidszorg ","type":"link","linkId":"613"},{"id":"1033","title":"juridische fout","text":"<h2 align=\"center\">Welke dienstverlener?<\/h2>","type":"list","linkId":"947","nodes":[{"id":"1036","title":"Advocaat - schade","type":"link","linkId":"684"},{"id":"1037","title":"Notaris - schade","type":"link","linkId":"765"}]},{"id":"1034","title":" accountancy","type":"link","linkId":"807"},{"id":"1035","title":"financi\u00eble instelling","type":"link","linkId":"806"}]}]},{"id":"540","title":"Uitkering, subsidie, verzekering","type":"list","linkId":"203","nodes":[{"id":"871","title":"ANW Nabestaandenuitkering","type":"link","linkId":"808"},{"id":"872","title":"AOW aanvulling","type":"link","linkId":"808"},{"id":"873","title":"AOW Pensioen","type":"link","linkId":"808"},{"id":"874","title":"BBZ Bijz. bijstandsuitkering zelfstandigen","type":"link","linkId":"809"},{"id":"875","title":"Bijstandsuitkering WWB","type":"link","linkId":"809"},{"id":"876","title":"Huurtoeslag","type":"link","linkId":"810"},{"id":"877","title":"IOAW uitkering","type":"link","linkId":"809"},{"id":"878","title":"IOAZ-uitkering","tags":["sociale dienst","gemeente","ioaw","oiaz","inkomensvoorziening","arbeidsongeschikt","werkloze","werknemers","sociale wetgeving","bijstandsuitkering","schuld","schuldsanering","schuldenregeling"],"type":"link","linkId":"809"},{"id":"879","title":"IVA uitkering","type":"link","linkId":"811"},{"id":"880","title":"Kinderbijslag","type":"link","linkId":"808"},{"id":"881","title":"Kinderopvangtoeslag","type":"link","linkId":"810"},{"id":"882","title":"Kindertoeslag","type":"link","linkId":"810"},{"id":"883","title":"Langdurigheidtoeslag","tags":["sociale dienst","gemeente","ioaw","oiaz","inkomensvoorziening","arbeidsongeschikt","werkloze","werknemers","sociale wetgeving","bijstandsuitkering","schuld","schuldsanering","schuldenregeling"],"type":"link","linkId":"809"},{"id":"884","title":"PGB gemeente of zorgkantoor","type":"link","linkId":"690"},{"id":"885","title":"Studiefinanciering DUO\\IBG","type":"link","linkId":"691"},{"id":"886","title":"TW uitkering Toeslagenwet","type":"link","linkId":"811"},{"id":"887","title":"Wajong uitkering","type":"link","linkId":"811"},{"id":"888","title":"WAO  Arbeidsongeschiktheidsuitkering","type":"link","linkId":"811"},{"id":"889","title":"WAZ uitkering","type":"link","linkId":"811"},{"id":"890","title":"Wezenuitkering","type":"link","linkId":"808"},{"id":"891","title":"WGA uitkering","type":"link","linkId":"811"},{"id":"892","title":"WIA uitkering","type":"link","linkId":"811"},{"id":"893","title":"WW Werkloosheidsuitkering","type":"link","linkId":"811"},{"id":"894","title":"Zorgtoeslag Belastingdienst","type":"link","linkId":"810"},{"id":"895","title":"ZW Ziektewetuitkering","type":"link","linkId":"811"}]}]},{"id":"532","title":"Juridisch","type":"list","linkId":"947","nodes":[{"id":"536","title":"Consumentenrecht","text":"<h2 align=\"center\"><font face=\"Arial\">Om welke soort transactie of dienst gaat het?<\/font><\/h2>","type":"list","linkId":"203","nodes":[{"id":"818","title":"Consumentenkoop","text":"<h2 align=\"center\">Welke soort consumentenkoop? <\/h2>","type":"list","linkId":"203","nodes":[{"id":"823","title":"Woninginrichting en inboedel","text":"<h2 align=\"center\">Welk soort product? <\/h2>","type":"list","linkId":"744","nodes":[{"id":"828","title":"Elektronica - huishoudelijke apparaten","type":"link","linkId":"738"},{"id":"829","title":"Woningaankleding","type":"link","linkId":"739"},{"id":"830","title":"Accessoires","type":"link","linkId":"740"},{"id":"831","title":"Meubels","type":"link","linkId":"741"},{"id":"832","title":"Media","type":"link","linkId":"742"},{"id":"833","title":"Airconditioning","type":"link","linkId":"743"},{"id":"834","title":"Overige woninginrichting en inboedel","type":"link","linkId":"744"}]},{"id":"824","title":"Vervoersmiddelen","text":"<div align=\"center\"><h2>Kies het product<\/h2><\/div>","type":"list","linkId":"203","nodes":[{"id":"987","title":"Tweewielers","type":"link","linkId":"745"},{"id":"988","title":"Vierwielers","type":"link","linkId":"746"},{"id":"989","title":"Onderdelen en accessoires","type":"link","linkId":"747"},{"id":"990","title":"Overige vervoersmiddelen","type":"link","linkId":"748"}]},{"id":"825","title":"Kleding en persoonlijke verzorging","text":"<h2 align=\"center\">Welk soort product of dienst?<\/h2>","type":"list","linkId":"947","nodes":[{"id":"991","title":"Kleding","type":"link","linkId":"749"},{"id":"992","title":"Brillen en lenzen","type":"link","linkId":"750"},{"id":"993","title":"Persoonlijke verzorging","type":"link","linkId":"751"},{"id":"994","title":"Overige kleding en verzorging","type":"link","linkId":"752"}]},{"id":"826","title":"Koop via webshop","type":"list","linkId":"947","nodes":[{"id":"995","title":"Aankoop via webshop","type":"link","linkId":"651"},{"id":"996","title":"Europees Consumenten Centrum","type":"link","linkId":"652"},{"id":"997","title":"Meldpunt Internetoplichting","type":"link","linkId":"653"},{"id":"998","title":"Geschillencommissie Thuiswinkel","type":"link","linkId":"590"}]},{"id":"827","title":"Overige consumentenkoop","type":"link","linkId":"737"}]},{"id":"819","title":"Financi\u00eble zaken","tags":["financi\u00eble dienst","kifid","financieel product","verzekering","hypotheek","lening","financieringen en belegging","ombudsman","pensioenfonds","krediet","crediet","pensioen","bank","bankzaken","bankrekening","girorekening","giro"],"type":"link","linkId":"538"},{"id":"820","title":"Reizen en recreatie","text":"<h2 align=\"center\">welk soort vrijetijdsbesteding?<br\/><\/h2>","type":"list","linkId":"203","nodes":[{"id":"842","title":"Reizen","type":"link","linkId":"754"},{"id":"843","title":"Recreatie","type":"link","linkId":"755"},{"id":"844","title":"Waterrecreatie","type":"link","linkId":"756"}]},{"id":"821","title":"Dienstverlening","type":"list","linkId":"203","nodes":[{"id":"846","title":"Gezondheid en Zorg","type":"link","linkId":"542"},{"id":"847","title":"Huis en tuin","text":"<h2 align=\"center\">Om welke dienstverlener of vakman&nbsp; gaat het?<\/h2>","type":"list","linkId":"203","nodes":[{"id":"999","title":"Verhuizer","type":"link","linkId":"773"},{"id":"1000","title":"Stukadoor","type":"link","linkId":"774"},{"id":"1001","title":"Doe-het-zelfbedrijf","type":"link","linkId":"775"},{"id":"1002","title":"Hovenier","type":"link","linkId":"778"},{"id":"1003","title":"Schilder, behanger, glaszetter","type":"link","linkId":"779"},{"id":"1004","title":"Loodgieter, installateur","type":"link","linkId":"780"},{"id":"1005","title":"Makelaar","type":"link","linkId":"781"},{"id":"1006","title":"Aannemer, timmerman, electricien","type":"link","linkId":"782"}]},{"id":"848","title":"Juridisch en financieel","type":"link","linkId":"535"},{"id":"849","title":"Kind en onderwijs","text":"<h2 align=\"center\">Welk soort van onderwijs of opvang?<\/h2>","type":"list","linkId":"203","nodes":[{"id":"1007","title":"Kinderopvang","type":"link","linkId":"711"},{"id":"1008","title":"Openbaar onderwijs","type":"link","linkId":"692"},{"id":"1009","title":"Particulier onderwijs","type":"link","linkId":"785"}]},{"id":"850","title":"Persoonlijke verzorging","text":"<h2 align=\"center\">Welk soort dienst?<\/h2>","type":"list","linkId":"203","nodes":[{"id":"1013","title":"Kapper","type":"link","linkId":"789"},{"id":"1012","title":"Parfumerie","type":"link","linkId":"788"},{"id":"1011","title":"Sportschool","type":"link","linkId":"787"},{"id":"1010","title":"Stomerij","type":"link","linkId":"786"},{"id":"1014","title":"Schoonheidsspecialist","type":"link","linkId":"790"},{"id":"1015","title":"Zonnestudio","type":"link","linkId":"791"}]},{"id":"851","title":"Televisie, internet, telefonie en post","text":"<h2 align=\"center\">Om welke dienst gaat het?&nbsp;\n<br\/><\/h2>","type":"list","linkId":"203","nodes":[{"id":"1016","title":"Televisie","type":"link","linkId":"767"},{"id":"1017","title":"Vaste telefonie","type":"link","linkId":"768"},{"id":"1018","title":"Post","type":"link","linkId":"769"},{"id":"1019","title":"Internet","type":"link","linkId":"770"},{"id":"1020","title":"Mobiele telefonie","type":"link","linkId":"771"},{"id":"1021","title":"Kabel","type":"link","linkId":"772"}]},{"id":"852","title":"Vervoer","text":"<h2 align=\"center\">Om welke dienst gaat het?\n&nbsp;\n\t\t\t<\/h2>","type":"list","linkId":"203","nodes":[{"id":"1022","title":"Autoverhuur","type":"link","linkId":"759"},{"id":"1023","title":"Openbaar vervoer","type":"link","linkId":"760"},{"id":"1024","title":"Koeriersdienst","type":"link","linkId":"761"},{"id":"1025","title":"Taxivervoer","type":"link","linkId":"762"},{"id":"1026","title":"Rijschool","type":"link","linkId":"763"}]},{"id":"853","title":"Water en energie","type":"list","linkId":"203","nodes":[{"id":"1027","title":"Waterleverancier","type":"link","linkId":"757"},{"id":"1028","title":"Energieleverancier","type":"link","linkId":"758"}]},{"id":"854","title":"Overige dienstverlening","type":"list","linkId":"203","nodes":[{"id":"1029","title":"Uitvaartwezen, begrafenis, crematie","type":"link","linkId":"792"},{"id":"1030","title":"Dierenpension en -speciaalzaak","type":"link","linkId":"793"},{"id":"1031","title":"Overige dienstverleners","type":"link","linkId":"794"}]}]},{"id":"822","title":"Reclame en privacy","type":"link","linkId":"686"}]},{"id":"535","title":"Juridische dienst","type":"list","linkId":"947","nodes":[{"id":"855","title":"Advocaten","type":"link","linkId":"684"},{"id":"856","title":"Accountancy - administratieve dienst","type":"link","linkId":"807"},{"id":"857","title":"Deurwaarders","type":"link","linkId":"764"},{"id":"858","title":"Notariaat","type":"link","linkId":"765"},{"id":"859","title":"Taxateur - makelaar","type":"link","linkId":"683"}]}]},{"id":"534","title":"Maatschappelijk \/sociaal","type":"list","linkId":"947","nodes":[{"id":"541","title":"Familie en partnerschap","tags":["relatie","scheiding","uiteengaan","curatele","bewind","mentorschap","kinderen","omgang","alimentatie","erfrecht","levensonderhoud","verdeling","naamsrecht","achternaam","huwelijk","echtscheiding","mediator","conflict","echtscheiding","arbeidsconflict","nmi","vmsn","scheiding","vfas","scheidingsbemiddelaar"],"type":"list","linkId":"103","nodes":[{"id":"896","title":"Alimentatie","type":"link","linkId":"903"},{"id":"897","title":"Curatele, bewindstelling, mentorschap","type":"link","linkId":"694"},{"id":"898","title":"Einde van de relatie","text":"<h2 align=\"center\">Wat is uw situatie?<\/h2>","type":"list","linkId":"714","nodes":[{"id":"907","title":"U bent getrouwd (geweest)","type":"link","linkId":"714"},{"id":"908","title":"U woont samen of heeft samengewoond","type":"link","linkId":"713"}]},{"id":"899","title":"Erfrecht \\ huwelijkse voorwaarden","type":"link","linkId":"602"},{"id":"900","title":"Kinderen","type":"list","linkId":"203","nodes":[{"id":"909","title":"Alimentatie en incasso van alimentatie","tags":["alimentatie","kinderbijdrage","inning van alimentatie","incasseren","partneralimentatie","kinderalimentatie","landelijk bureau inning onderhoudsbijdrage","lbio","deurwaarder","alimentatiebeschikking","indexering","kinderbijdrage","draagkracht","behoefte","nibud","ouderbijdrage","alimentatierekenen","berekening alimentatie","alimentatieberekening"],"type":"link","linkId":"629"},{"id":"910","title":"Omgang met een kind","type":"link","linkId":"695"},{"id":"911","title":"Problemen met of over kinderen","type":"link","linkId":"715"}]},{"id":"901","title":"Naamsrecht \\ wijziging","type":"link","linkId":"603"},{"id":"902","title":"Omgangsregeling","type":"link","linkId":"695"}]},{"id":"542","title":"Gezondheid en zorg","text":"<h2 align=\"center\">Welke organisatie of dienstverlener?<\/h2>","type":"list","linkId":"947","nodes":[{"id":"912","title":"Huisarts","type":"link","linkId":"696"},{"id":"914","title":"Therapeut","type":"link","linkId":"697"},{"id":"915","title":"Thuiszorg","type":"link","linkId":"1177"},{"id":"917","title":"Ziekenhuis","type":"link","linkId":"812"},{"id":"1179","title":"Verpleeghuis, verzorgingshuis","type":"link","linkId":"1178"},{"id":"916","title":"Zelfstandige kliniek","type":"link","linkId":"699"},{"id":"913","title":"Persoonsgebonden budget PGB","type":"link","linkId":"690"},{"id":"918","title":"Zorgverzekeraar","type":"link","linkId":"698"}]},{"id":"543","title":"Overheidsinstanties","text":"<h2 align=\"center\">Welke overheidsinstantie?<\/h2>","type":"list","linkId":"203","nodes":[{"id":"919","title":"Belastingdienst","type":"link","linkId":"700"},{"id":"920","title":"DUO (IB-Groep)","type":"link","linkId":"716"},{"id":"921","title":"Gemeente","text":true,"type":"list","linkId":"703","nodes":[{"id":"936","title":"Vergunningen","type":"link","linkId":"814"},{"id":"937","title":"Voorzieningen","type":"link","linkId":"814"},{"id":"938","title":"Boetes","type":"link","linkId":"814"},{"id":"939","title":"Uitkeringen","type":"link","linkId":"814"},{"id":"940","title":"Gemeentebelastingen","type":"link","linkId":"814"},{"id":"941","title":"Burgerlijke stand","type":"link","linkId":"814"}]},{"id":"922","title":"Politie","text":"<h2 align=\"center\">Klachten over discriminatie, vervolging, onnodig geweld of (verkeers)boete<\/h2>","type":"list","linkId":"203","nodes":[{"id":"929","title":"Politieoptreden","type":"link","linkId":"718"},{"id":"930","title":"Verkeersboete","type":"link","linkId":"717"}]},{"id":"923","title":"Privacy \\ bescherming persoonsgegevens","type":"link","linkId":"704"},{"id":"924","title":"Raad voor de rechtsbijstand","type":"link","linkId":"701"},{"id":"925","title":"SVB Sociale verzekeringsbank - klachten","type":"link","linkId":"808"},{"id":"926","title":"UWV klachten","type":"link","linkId":"702"},{"id":"927","title":"UWV WERKbedrijf","text":true,"tags":["uwv","uv","uw","uvw","werkbedrijf","cwi"],"type":"list","linkId":"203","nodes":[{"id":"931","title":"Ontslag","type":"link","linkId":"702"},{"id":"932","title":"Aanvraag TW-uitkering","type":"link","linkId":"702"},{"id":"933","title":"Aanvraag werkloosheidsuitkering","type":"link","linkId":"702"},{"id":"934","title":"Aanvullende bijstandsuitkering","type":"link","linkId":"809"},{"id":"935","title":"CWI anders ","type":"link","linkId":"702"}]},{"id":"928","title":"Andere overheidsinstanties","type":"link","linkId":"705"}]},{"id":"544","title":"Privacy, persoonsgegevens, publicaties","text":"<h3 align=\"center\">Inbreuk op privacy, misbruik van persoonsgegevens, schade door reclame, publicatie of stalking:<\/h3><h3 align=\"center\">kies uw situatie<\/h3>","type":"list","linkId":"203","nodes":[{"id":"942","title":"Privacy \\ bescherming persoonsgegevens","type":"link","linkId":"704"},{"id":"943","title":"Reclame code commissie","type":"link","linkId":"605"},{"id":"944","title":"Journalistieke activiteiten","type":"link","linkId":"706"},{"id":"945","title":"Discriminatie","text":"<h2 align=\"center\">Waar vindt de discriminatie plaats? <\/h2>","type":"list","linkId":"720","nodes":[{"id":"947","title":" Discriminatie algemeen","type":"link","linkId":"720"},{"id":"948","title":" Discriminatie op het werk","type":"link","linkId":"719"},{"id":"949","title":" Discriminatie op internet","type":"link","linkId":"721"}]},{"id":"946","title":"Stalking of belaging","tags":["hinderlijk volgen","volgen","bespieden","stalking","stalken","belaging","belagen","internet","sms","telefoon","bellen","email","e-mail","emailen","e-mailen","facebook","slachtoffer","seksueel","misbruik","seksueel geweld","geweld","slachtofferhulp","slachtoffers","kinderen","familie","buren"],"type":"link","linkId":"606"}]}]},{"id":"545","title":"Wonen, werk en opleiding","type":"list","linkId":"947","nodes":[{"id":"546","title":"Werk en arbeidsomstandigheden","text":"<h2 align=\"center\">Kies uw onderwerp van klacht of geschil<\/h2>","type":"list","linkId":"203","nodes":[{"id":"950","title":"Arbeidsomstandigheden, ziekte, veiligheid","type":"link","linkId":"707"},{"id":"951","title":"Ongelijke behandeling en discriminatie","type":"link","linkId":"708"},{"id":"952","title":"Arbeidsongeval, ziekte, arbeidsongeschiktheid","type":"link","linkId":"709"},{"id":"953","title":"Ondernemingsraad","type":"link","linkId":"710"},{"id":"954","title":"Kinderopvang","type":"link","linkId":"711"},{"id":"955","title":"Mijn situatie staat er niet bij","type":"link","linkId":"710"}]},{"id":"547","title":"Wonen en woonomgeving","text":"<div align=\"center\"><h2>Wat is uw situatie?<br\/><\/h2><\/div>","type":"list","linkId":"203","nodes":[{"id":"956","title":"Eigen woning","type":"list","linkId":"726","nodes":[{"id":"961","title":"Nieuwbouw","type":"link","linkId":"203"},{"id":"962","title":"Gebreken nieuwbouwwoning","type":"link","linkId":"722"},{"id":"963","title":"Verbouwing","type":"link","linkId":"724"},{"id":"964","title":"Bijzondere aanpassing van de woning","type":"link","linkId":"203"},{"id":"965","title":"Hypotheek","type":"link","linkId":"725"},{"id":"966","title":"Woonlasten","type":"link","linkId":"727"},{"id":"967","title":"Overige problemen eigen woning","type":"link","linkId":"722"}]},{"id":"957","title":"Huurwoning","text":"<h2 align=\"center\">Waarover gaat uw probleem?<\/h2>","type":"list","linkId":"203","nodes":[{"id":"968","title":"Aangaan huurovereenkomst","type":"link","linkId":"731"},{"id":"969","title":"Huurprijs","type":"link","linkId":"732"},{"id":"970","title":"Verbouwing","type":"link","linkId":"731"},{"id":"971","title":"Uithuiszetting","type":"link","linkId":"731"},{"id":"972","title":"Einde huurovereenkomst","type":"link","linkId":"731"},{"id":"973","title":"Kamerhuur","type":"link","linkId":"731"},{"id":"974","title":"Onderhoud","type":"link","linkId":"731"},{"id":"975","title":"Overige huurwoning","type":"link","linkId":"731"}]},{"id":"958","title":"Buren en woonomgeving","text":"<h2 align=\"center\">Buren en woonomgeving<\/h2>","type":"list","linkId":"203","nodes":[{"id":"976","title":"Hangjongeren","type":"link","linkId":"730"},{"id":"977","title":"Stankoverlast","type":"link","linkId":"729"},{"id":"978","title":"Geluidsoverlast","type":"link","linkId":"729"},{"id":"979","title":"Veiligheid in de buurt","type":"link","linkId":"730"},{"id":"980","title":"Ander probleem ","type":"link","linkId":"730"}]},{"id":"959","title":"Bijzondere huisvesting","type":"list","linkId":"203","nodes":[{"id":"981","title":"Ouderenhuisvesting","tags":["ouderenhuisvesting","bejaardenwoning","aanleunwoning","bejaardenhuis","ouderen","bejaarde","bejaard","serviceflat","zorginstelling"],"type":"link","linkId":"733"},{"id":"982","title":"Gehandicaptenhuisvesting","tags":["gehandicaptenhuisvesting","gehandicapt","gehandicapte","handicap"],"type":"link","linkId":"734"},{"id":"983","title":"Overige bijzondere huisvesting","tags":["bijzondere huisvesting","aangepaste woning","woningaanpassing","aanpssing","invalide","handicap","gehandicapt","gehandicapte"],"type":"link","linkId":"735"}]},{"id":"960","title":"Mijn situatie staat er niet bij","type":"link","linkId":"712"}]},{"id":"548","title":"Studie en opleiding","text":"<h2 align=\"center\">Welke instantie of onderwijsinstelling?<\/h2>","type":"list","linkId":"203","nodes":[{"id":"984","title":"DUO (IB-Groep)","type":"link","linkId":"601"},{"id":"985","title":"Openbaar onderwijs","type":"link","linkId":"784"},{"id":"986","title":"Particulier onderwijs","type":"link","linkId":"693"}]}]},{"id":"12","title":"Consumentenrecht","type":"link","linkId":"536"},{"id":"24","title":" Ik weet het niet","text":true,"linkId":"947"}]},{"id":"9","title":"Ik zoek meer informatie","text":"<p><\/p><p><\/p><h2 align=\"center\">Waarover zoekt u meer informatie?<a href=\"http:\/\/jgalema1.home.xs4all.nl\/2.1.%20Juridisch.htm\"><br\/><\/a><\/h2>\n","type":"menu","linkId":"203","nodes":[{"id":"380","title":"Juridisch","text":"<h2 align=\"center\">Kies een onderwerp<br\/><\/h2>","type":"menu","linkId":"203","nodes":[{"id":"383","title":"Consumentenrecht","text":"<h2 align=\"center\">Kies een categorie<br\/><\/h2>","type":"list","linkId":"203","nodes":[{"id":"388","title":"koop van goederen en diensten","text":"<div align=\"center\"><strong>Meer informatie over uw rechten als consument vindt u op de websites van een van deze organisaties<\/strong><br\/><\/div>","type":"list","linkId":"203","nodes":[{"id":"390","title":"ConsuWijzer - info","type":"link","linkId":"658"},{"id":"391","title":"Europees Consumenten Centrum - info","type":"link","linkId":"659"},{"id":"392","title":"Consumentenbond","type":"link","linkId":"654"},{"id":"393","title":"Aankoop via webshop","type":"link","linkId":"660"}]},{"id":"389","title":"koop via internet-webshop  - info","tags":["webshop","webwinkel","internetshop"],"type":"link","linkId":"796"}]},{"id":"384","title":"Familierecht en partnerschap","text":"<div align=\"center\"><h2>Kies een categorie<\/h2><\/div>","type":"list","linkId":"203","nodes":[{"id":"400","title":"Achternaamswijziging","type":"link","linkId":"603"},{"id":"401","title":"Alimentatie en kinderbijdrage","type":"link","linkId":"629"},{"id":"394","title":"Curatele, onderbewindstelling en mentorschap ","type":"link","linkId":"694"},{"id":"395","title":"Erfrecht , testamenten, nalatenschappen ","type":"link","linkId":"602"},{"id":"398","title":"Geweld en misbruik in de relatie ","type":"link","linkId":"689"},{"id":"396","title":"Huwelijkse- of partnerschapsvoorwaarden","type":"link","linkId":"602"},{"id":"397","title":"Kinderen ","type":"list","linkId":"203","nodes":[{"id":"423","title":"Omgang met kind na scheiding ","type":"link","linkId":"627"},{"id":"424","title":"Alimentatie - inning van kinderbijdrage","type":"link","linkId":"647"},{"id":"425","title":"alimentatie - hoogte van kinderbijdrage","type":"link","linkId":"645"},{"id":"426","title":"adoptie","text":true,"tags":["adoptie","adopteren","adoptieprocedure","kind","ouder","stiefouder","stiefkind"],"linkId":"668"},{"id":"428","title":"Kinderontvoering info","type":"link","linkId":"626"},{"id":"429","title":"Kindermisbruik en sexueel misbruik","linkId":"800"}]}]},{"id":"385","title":"Ongeluk of misdrijf","type":"link","linkId":"688"},{"id":"386","title":"Werk en inkomen","type":"list","linkId":"203","nodes":[{"id":"402","title":"Arbeidsomstandigheden, veiligheid, discriminatie ","type":"list","linkId":"203","nodes":[{"id":"404","title":"Arbeidsinspectie  ","type":"link","linkId":"649"},{"id":"405","title":"Commissie Gelijke Behandeling  - info","text":true,"linkId":"661"},{"id":"406","title":"Juridisch loket - info","type":"link","linkId":"607"},{"id":"408","title":"Vakbonden","type":"link","linkId":"650"}]},{"id":"403","title":"Beloning en vergoeding, CAO bepalingen","type":"list","nodes":[{"id":"430","title":"Loonwijzer","tags":["loon","salaris","inkomen","emolument","emolumenten","vergoedingen","vergoeding","cao","betaling","reiskosten","salarisschaal","salarisstrook","vacantiegeld","vacantietoeslag","vacantiedagen","vakantiegeld","vakantietoeslag","vakantiedagen"],"type":"link","linkId":"669"},{"id":"431","title":"Vakbonden","type":"link","linkId":"650"},{"id":"433","title":"beslag op loon of uitkering - info","type":"link","linkId":"680"},{"id":"434","title":"Sociaal Raadslieden - info","type":"link","linkId":"600"}]}]},{"id":"387","title":"Wonen","text":"<div align=\"center\"><h2>Kies uw situatie<\/h2><\/div>","type":"list","linkId":"203","nodes":[{"id":"409","title":"eigen woning","type":"link","linkId":"797"},{"id":"410","title":"huurwoning","type":"link","linkId":"798"}]}]},{"id":"381","title":"Financieel","type":"list","linkId":"203","nodes":[{"id":"416","title":"Alimentatie of kinderbijdrage en inning","type":"link","linkId":"629"},{"id":"411","title":"Beslag op loon of uitkering","type":"link","linkId":"598"},{"id":"415","title":"Huurprijs woonruimte","type":"link","linkId":"648"},{"id":"414","title":"Schuldhulpverlening","tags":["beslagvrije voet","akkoord","beslag","beslagvrije","betalingsregeling","bewind","bewindvoerder","bewindvoering","deurwaarder","faillissement","gemeente","incasso","kredietbank","levensonderhoud","mentor","mentorschap","minnelijk","minnelijke","rechtbank","rechter-commissaris","sanering","schuld","schuldeiser","schuldeisers","schulden","schuldenregeling","schuldhulpverleningsorganisaties","schuldhulpverleningstraject","schuldsanering","schuldsaneringsverklaring","uitkering","voet","wettelijke","wsnp"],"type":"link","linkId":"662"},{"id":"413","title":"Werk en inkomen","type":"link","linkId":"799"},{"id":"475","title":"Financi\u00eble producten","tags":["afm","financiele aanbieder","financieel","kifid","financieel product"],"type":"link","linkId":"671"},{"id":"412","title":"Uitkering, subsidie, verzekering","type":"list","linkId":"947","nodes":[{"id":"503","title":"ANW  Nabestaandenuitkering","type":"link","linkId":"504"},{"id":"489","title":"AOW aanvulling","type":"link","linkId":"504"},{"id":"477","title":"AOW Pensioen","type":"link","linkId":"504"},{"id":"495","title":"BBZ Bijz. bijstandsuitkering zelfstandigen","type":"link","linkId":"505"},{"id":"497","title":"Bijstandsuitkering WWB","type":"link","linkId":"505"},{"id":"498","title":"Huurtoeslag","type":"link","linkId":"508"},{"id":"499","title":"IOAW uitkering","type":"link","linkId":"505"},{"id":"480","title":"IOAZ-uitkering","type":"link","linkId":"505"},{"id":"500","title":"IVA uitkering","type":"link","linkId":"510"},{"id":"501","title":"Kinderbijslag","type":"link","linkId":"504"},{"id":"483","title":"Kinderopvangtoeslag","type":"link","linkId":"508"},{"id":"478","title":"Kindertoeslag","type":"link","linkId":"508"},{"id":"479","title":"Langdurigheidtoeslag ","type":"link","linkId":"505"},{"id":"481","title":"PGB gemeente of zorgkantoor","text":true,"linkId":"203"},{"id":"482","title":"Studiefinanciering DUO\\IBG","type":"menu","linkId":"203"},{"id":"484","title":"TW uitkering Toeslagenwet ","type":"link","linkId":"510"},{"id":"485","title":"Wajong uitkering","type":"link","linkId":"510"},{"id":"486","title":"WAO  Arbeidsongeschiktheidsuitkering","type":"link","linkId":"510"},{"id":"487","title":"WAZ uitkering","type":"link","linkId":"510"},{"id":"488","title":"Wezenuitkering ","type":"link","linkId":"504"},{"id":"490","title":"WGA uitkering","type":"link","linkId":"510"},{"id":"491","title":"WIA uitkering","type":"link","linkId":"510"},{"id":"492","title":"WW Werkloosheidsuitkering","type":"link","linkId":"510"},{"id":"493","title":"Zorgtoeslag Belastingdienst","type":"link","linkId":"508"},{"id":"494","title":"ZW Ziektewetuitkering","type":"link","linkId":"510"}]}]},{"id":"382","title":"Maatschappelijk","tags":["angst","psychisch","psychische hulp","buren","depressie","familie","kind","opvoeding","ouder","partnerrelatie","psychische","psychiatrische","relatieproblemen","relatieproblemen","seksualiteit","zwangerschap"],"type":"link","linkId":"795"}]},{"id":"10","title":"Ik weet het niet","text":true,"linkId":"203","nodes":[{"id":"62","title":"Sociaal raadslieden","text":true,"tags":["sociaal","raadslieden","juridisch","loket","juridische","hulp","gratis hulp","gratis","rechtshulp","buro"],"linkId":"203"},{"id":"61","title":"Maatschappelijk werk","text":true,"tags":["maatschappelijk","werk","sociale","dienst","gemeente","gemeentelijke","hulp","wmo","maatschappelijke"],"linkId":"203"},{"id":"144","title":"Juridisch loket","text":true,"tags":["juridisch","loket","juridische","hulp","gratis hulp","gratis","rechtshulp","buro","sociaal","raadslieden"],"linkId":"203"}]},{"id":"678","title":"Ik heb een vraag","type":"feedback","linkId":"203"}]},{"id":"220","title":"Informatie over de Appvocaat","text":true,"tags":["stel","vraag","stellen","email","mail","e-mail","informatie","info","handleiding","uitleg","inleiding","advocaten.nl","hoe","werkt het","kost","kosten"],"linkId":"947","nodes":[{"id":"439","title":"test 3","text":true,"type":"list","linkId":"947","nodes":[{"id":"1133","title":"item 1","type":"link","linkId":"587"},{"id":"1134","title":"item 2","type":"link","linkId":"549"},{"id":"1135","title":"item 3","type":"link","linkId":"580"}]},{"id":"504","title":"Sociale Verzekeringsbank  - bezwaar en info","text":true,"linkId":"203"},{"id":"505","title":"Sociale dienst gemeente - bezwaar en info","text":true,"linkId":"203"},{"id":"506","title":"De Sociale Verzekeringsbank info","text":true,"tags":["de sociale verzekeringsbank","svb","volksverzekeringen","aow","pensioen","kinderbijslag","anw","nabestaandenuitkering","aow","aow-pensioen","aow aanvulling","aanvulling","wezenuitkering"],"linkId":"203"},{"id":"507","title":"Belastingdienst toeslagen info ","text":true,"tags":["belasting","belastingaanslag","teruggave","toeslag","aangifte","belastingadviseur","belastingtelefoon","huur","toeslag","kindertoeslag","kinderopvang","zorg","belastingaanslag","teruggave","toeslag","aangifte","bezwaarschrift","bezwaarprocedure","belastingadviseur","bezwaarcheck","belastingtelefoon","belastingdienst","huurtoeslag","kindertoeslag","kinderopvang","zorgtoeslag"],"linkId":"203"},{"id":"508","title":"Belastingdienst - bezwaar en info","text":true,"type":"menu","linkId":"203"},{"id":"509","title":"Uitkeringsinstelling UWV info","text":true,"tags":["uwv","uvw","uw","uv","uitkering","uitkeringsinstelling"],"linkId":"203"},{"id":"510","title":"Uitkeringsinstelling UWV- bezwaar en info","text":true,"type":"menu","linkId":"203"},{"id":"511","title":"Kifid bezwaar en info","text":true,"linkId":"203"},{"id":"512","title":"Accountancy - bezwaar en info","text":true,"linkId":"203"},{"id":"515","title":"SVB klacht en info","text":true,"linkId":"203"},{"id":"516","title":"Uitkering gemeente bezwaar en info","text":true,"linkId":"203"},{"id":"517","title":"Toeslagen - klachten","text":true,"tags":["huurtoeslag","huur","teruggave","toeslag","aangifte","belasting"],"linkId":"203"},{"id":"518","title":"UWV uitkering klacht en info","text":true,"tags":["uw","uitkeringsinstelling","uwv","uv","uvw","uitkering"],"linkId":"203"},{"id":"519","title":"Medische klacht","text":true,"linkId":"203"},{"id":"520","title":"Algemeen juridisch advies","text":true,"linkId":"203"},{"id":"521","title":"Persoonsgebonden budget (PGB) - info","text":true,"tags":["vergoedingsregeling","pgb persoonsgebonden","budget","algemene wet bijzondere","ziektekosten","awbz"],"linkId":"203"},{"id":"522","title":"Gemeentebesluit - bezwaar en klacht","text":true,"linkId":"203"},{"id":"523","title":"UWV Werkbedrijf - klacht en info","text":true,"tags":["uw","uitkeringsinstelling","uwv","uv","uvw","uitkering"],"linkId":"203"},{"id":"531","title":"Eindpagina`s","text":"eindpagina`s","tags":["eindpagina`s"],"type":"list","linkId":"947","nodes":[{"id":"551","title":"Geschillencommissie Advocatuur","text":true,"tags":["advocaten","advocaat","advocatuur","advokaten","advokaat","advokatuur","orde","honorarium","factuur","pro","deo","rechtsbijstand","termijn","declaratie","tarief"],"linkId":"947"},{"id":"549","title":"Geschillencommissie Makelaardij","text":true,"tags":["makelaardij","taxateur","makelaar","courtage","afsluitprovisie","intrekkingskosten","taxatie","taxeren","taxatiekosten","makelaarskosten","voorlopig","koopcontract"],"linkId":"947"},{"id":"550","title":"Geschillencommissie Notariaat","text":true,"tags":["notarissen","kandidaat-notaris","knb","notariaat","notaris","testament","nalatenschap","erfenis","executeur","testamentair","erfrecht","erven","erfgenaam","huwelijkse","partnerschapsvoorwaarden","samenleefovereenkomsten","partnerschap","voorwaarden","samenleefovereenkoms","woning","notari\u00eble","knb","schenking","samenleving"],"linkId":"947"},{"id":"552","title":"Geschillencommissie Zorginstellingen","text":true,"tags":["zorginstelling","zorginstellingen","verzorgingstehuis","verzorging","zorg","zorgverlening","ziekenzorg","kliniek","nazorg","revaldidatie","revalideren","herstellingsoord","ziekenhuis","kliniek","bejaardenhuis","bejaardenhuis","tehuis","bejaardenzorg","serviceflat"],"linkId":"947"},{"id":"553","title":"Geschillencommissie Zelfstandige Klinieken","text":true,"tags":["klinieken","medisch","kliniek","medische","behandeling","operatie","cosmetisch","uiterlijk","borstverkleining","borstvergroting","facelift","laserbehandeling","ooglidcorrectie","liposuctie","botox","haar","transplantatie"],"linkId":"947"},{"id":"554","title":"Geschillencommissie Particulier Onderwijs","text":true,"tags":["particulier","particuliere","onderwijs","cursus","opleiding","training","lesrooster","lesmateriaal","rooster","lesgeld","inschrijvingsgeld","annuleringskosten","examen","lessen","les","lesboeken","lesboek","onderwijsinstelling","instelling"],"linkId":"947"},{"id":"555","title":"Geschillencommissie Afbouw","text":true,"tags":["afbouw","afbouwbedrijven","woning","bouw","verbouwing","stukadoor","plafond","wand","vloer","vloeren","afbouwbedrijf","verlichting","systeemplafond"],"linkId":"947"},{"id":"556","title":"Geschillencommissie Installerende Bedrijven","text":true,"tags":["installerende","installatie","bedrijf","installatiebedrijf","loodgieter","woning","verwarming","cv","centrale","waterleiding","elektriciteit","electriciteit","gas","gasleiding","riool","sanitair","elektra","electra"],"linkId":"947"},{"id":"557","title":"Geschillencommissie Kinderopvang","text":true,"tags":["kinderopvang","kind","dagopvang","kinderen","buitenschoolse","opvang","kindercentrum","creche","opvang","dagverblijf","kinderdagverblijf","kindercreche"],"linkId":"203"},{"id":"558","title":"Geschillencommissie Wonen","text":true,"tags":["keuken","aanleg","aanrecht","apparatuur","kasten","laden","plinten","tegels","badkamer","bad","douche","kranen","kraan","wastafel","tegels","vloer","parketvloer","houten vloer","kurk","laminaatvloer","vloerbedekking","ondervloer","vloerverwarming","slaapkamer","bed","kast","matras","gordijnen","vouwgordijn","rolgordijnen","overgordijnen","paneelgordijnen","vitrage","lamel","badkamer","baden","tegel","vloeren","gordijn","vouwgordijnen","rolgordijn","overgordijn","paneelgordijn","lamellen","meubelstof","vulling","leer"],"linkId":"947"},{"id":"565","title":"Geschillencommissie Airconditioning","text":true,"tags":["airconditioning","airco","luchtverversing","installatie","lucht","luchtbehandeling","verversing","behandeling","airconditioner","klimaatbehandeling","klimaat","klimaatcontrole"],"linkId":"947"},{"id":"566","title":"Geschillencommissie Tweewielers","text":true,"tags":["tweewieler","snorfiets","fiets","motorfiets","bromfiets","scooters","tweewielers","snorfietsen","fietsen","motorfietsen","bromfietsen","scooter","motor","motoren"],"linkId":"947"},{"id":"567","title":"Geschillencommissie Voertuigen","text":true,"tags":["voertuig","auto","garagebedrijf","garagebedrijven","garage","reparatie","verkoop","auto\u2019s","caravan","camper","kampeerauto","kampeerwagen","vouwwagen","apk","autoreparatie","banden","bandencentrum","winterbanden","zomerbanden","winterband","zomerband"],"linkId":"947"},{"id":"568","title":"Geschillencommissie Optiek","text":true,"tags":["optiek","opticien","optici\u00ebn","contactlens","optometrist","bril","brillen","montuur","zonnebril","brillenglazen","contactlenzen","oogcosmetica","loep","leesglazen","verrekijker","hygrometer","barometer","seismografen","thermometers"],"linkId":"947"},{"id":"569","title":"Geschillencommissie Reizen","text":true,"tags":["reizen","reisorganisator","reisorganisatie","reisleider","reis","boekingskantoor","reisbureau","reisprogramma","accommodatie","vervoer","reisorganisatie","pakketreis","annuleringsverzekering","reisdocument","inenting","reisverzekering","reservering","vliegticket","vliegreis","hotel","overnachting","overnachten","motel","herberg"],"linkId":"947"},{"id":"570","title":"Geschillencommissie Recreatie","text":true,"tags":["recreatie","campings","recreatiepark","huur","bungalow","stacaravans","caravans","standplaats","kampeerplaats","kamperen","camping","kamping"],"linkId":"947"},{"id":"571","title":"Geschillencommissie Waterrecreatie","text":true,"tags":["waterrecreatie","water","recreatie","boot","motor","huur","ligplaats","reparatie","hiswa","jachtarchitect","keuring","schip","boot","raceboot","waterscooter","jetscooter"],"linkId":"947"},{"id":"572","title":"Geschillencommissie Water","text":true,"tags":["energie","water","gas","water","stadsverwarming","waterrekening","waterverbruik","water","waterleiding","waterleverancier"],"linkId":"947"},{"id":"573","title":"Geschillencommissie Energie","text":true,"tags":["energie","gas","water","elektriciteit","stadsverwarming","elektra","electra","energierekening","energienota","jaarafrekening","afsluiting","nutsbedrijf"],"linkId":"947"},{"id":"574","title":"Geschillencommissie Autoverhuur","text":true,"tags":["autoverhuur","voertuigen","auto","auto\u2019s","huurcontract","voertuig","kenteken","verhuur","voertuig"],"linkId":"947"},{"id":"575","title":"Geschillencommissie Openbaar Vervoer","text":true,"tags":["openbaar","vervoer","ns","hispeed","translink","ov","vervoerbedrijf","vertraging","vervoersbewijzen","vervoersbewijs","trein","bus","tram","treinkaart","buskaart","interliner","metro of ov-fiets","ov-chipkaart","chipkaart","chip"],"linkId":"947"},{"id":"576","title":"Geschillencommissie Taxivervoer","text":true,"tags":["taxivervoer","taxi","vervoerder","taxivervoerder","taxibedrijf","bagage","taxirit","route","vervoer","chauffeur","taxichauffeur","taxirit","ritprijs"],"linkId":"947"},{"id":"577","title":"Geschillencommissie Rijopleidingen","text":true,"tags":["rijopleiding","rijles","rij- examen","rijschool","instructeur","rijopleiding","lesschema","rij-instructeur","prijzen","examen","lesgeld","cbr","rijbewijs","theorie","theorieexamen","rij-opleiding","rijexamen","rij-opleiding","theorie-examen","rijinstructeur","rij-examen","rij-instructeur","examen","rijexamen"],"linkId":"947"},{"id":"578","title":"Geschillencommissie Elektro","text":true,"tags":["elektro","audio","tv","huishoudelijk","witgoed","wasmachines","drogers","computers","verlichting"],"linkId":"203"},{"id":"579","title":"Geschillencommissie Telecommunicatie","text":true,"tags":["telecommunicatie","telefoon","telefoonaansluiting","mobiele","mobiel","telefoonverbinding","netwerk","telefoonnetwerk","internet","telefoonrekening","telefoonabonnement","telefoonprovider"],"linkId":"947"},{"id":"580","title":"Geschillencommissie Elektronische Communicatiedien","text":true,"tags":["elektronisch","communicatie","ecd","netwerk","internet","provider","factuur","internetprovider"],"linkId":"203"},{"id":"1143","title":"Geschillencommissie Dakbedekking","text":true,"tags":["dakdekker","dakdekking","daken","afwatering","lekkage","butimen","bitumineuze","waterdichtheid","dak","water","lek","dakbedekking","dakgoot","dakgoten"],"linkId":"947"},{"id":"581","title":"Geschillencommissie Post","text":true,"tags":["post","postnl","tnt","bewaarservice","doorzendservice","verhuisservice","postbus","brievenbus"],"linkId":"203"},{"id":"582","title":"Geschillencommissie Centrale Antenne Inrichtingen","text":true,"tags":["centrale","antenne","cai","kabelbedrijven","kabelbedrijf","kabel","radio","televisie"],"linkId":"203"},{"id":"1147","title":"Geschillencommissie Parket","text":true,"tags":["parket","parketvloer","vloer","houten","vloeren","laminaat","kurk"],"linkId":"947"},{"id":"1146","title":"Geschillencommissie Bestratingsbedrijf","text":true,"tags":["bestrating","bestratingsbedrijf","wegdek","klinkers","keien","tegels","wegenaanleg","wegaanleg","straat","bestrating"],"linkId":"947"},{"id":"583","title":"Geschillencommissie Verhuizen","text":true,"tags":["verhuizen","verhuizing","verhuisbedrijf","transport","transportbedrijf","verhuis","verhuizer","opslag"],"linkId":"947"},{"id":"584","title":"Geschillencommissie Doe-Het-Zelfbedrijven (D-H-Z)","text":true,"tags":["doe-het-zelf","doe het zelf","bouwmarkt","bouw","gamma","hornbach","karwei","hubo","fixit"],"linkId":"203"},{"id":"1144","title":"Geschillencommissie Garantiewoningen","text":true,"tags":["garantiewoningen","nieuwbouw","koopwoning","bouwbedrijven","vereniging van eigenaren","vve","waarborgfonds","garantiefonds","koopwoningen","swk","lekkages","schade","tuin  zolder","waarborgcertificaat"],"linkId":"947"},{"id":"1150","title":"Geschillencommissie Directe Verkoop","text":true,"tags":{"1":"huishoudartikelen","2":"huisaccessoires","3":"kleding","4":"sieraden","5":"schoonmaakproducten","6":"directe verkoop","7":"standwerk","8":"standwerker","9":"demonstraties","10":"presentaties","12":"huishoudartikelen","13":"huisaccessoires","14":"kleding","15":"sieraden","16":"schoonmaakproducten","17":"verzorgingsproducten","18":"cosmetica","19":"voedingsmiddelen","20":"vdv","21":"demonstraties","22":"presentaties"},"linkId":"947"},{"id":"1148","title":"Geschillencommissie Zonwering","text":true,"tags":["zonwering","rolluik","markies","rolluiken","markiezen","romazo","zonnescherm","scherm","parasol"],"linkId":"947"},{"id":"585","title":"Geschillencommissie Groen","text":true,"tags":["groen","hoveniers","tuincentrum","tuinstoel","tuin","plant","planten","tuinstoelen","schutting","vijver","tuinaanleg","tuinen","landschapsachitect","hovenier","boom","bomen","struik","struiken","bloem","bloemen"],"linkId":"947"},{"id":"1152","title":"Geschillencommissie Sieraden en Uurwerken","text":true,"tags":["sieraad","uurwerk","uurwerken","horloge","sieraden","vgz","goud","zilver","nju","juwelier","goudsmit","zilversmit"],"linkId":"947"},{"id":"1149","title":"Geschillencommissie Textiel en Schoenen","text":true,"tags":["textiel","kleding","schoenen","bruidsmode","confectie","cbw","mitex","kleren","schoeisel","bruidskleding","bruidsjurk"],"linkId":"947"},{"id":"586","title":"Geschillencommissie Schilders- Behangers-(SBG)","text":true,"tags":["schilder","behanger","glaszetbedrijf","sbg","glaszetter","glasbedrijf","buitenschilderwerk","schilderwerk","afwerking","behangen"],"linkId":"203"},{"id":"1145","title":"Geschillencommissie Energielabel","text":true,"tags":["energielabel","woning","energie","islolatie","energiebesparing","label"],"linkId":"947"},{"id":"1153","title":"Geschillencommissie Webshop","text":true,"tags":["audio","computer","webshop","afstand","apparaten","kleding","schoenen","meubelen","keurmerk","swk","aankoop","webshop","webwinkel","koop op afstand","thuiswinkel.org","consument","internet","internetwinkel","internetshop","thuiswinkel","afstand","web","www","qshop"],"linkId":"947"},{"id":"1154","title":"Geschillencommissie Uiterlijke Verzorging","text":true,"tags":["uiterlijk","verzorging","kapper","schoonheidsspecialist","pedicure","schoonheidsspecialist","anko","anbos","provoet"],"linkId":"947"},{"id":"1156","title":"Geschillencommissie Verpleging Verzorging en Thuis","text":true,"tags":["verpleging","verzorging","thuiszorg","verpleeghuis","verzorgingshuis","thuiszorg","jeugdzorg","consultatiebureauzorg","kraamzorg","zorg","persoonsgebonden","budget","pgb","bevalling","btn","actiz","alfahulp","huishoudelijk","huishoudelijke","thuishulp","wijkverpleging","wijkverpleegster","wijkverpleger","kraamhulp"],"linkId":"947"},{"id":"587","title":"Geschillencommissie Verbouwingen","text":true,"tags":["verbouwing","aannemers","woning","dakkapel","aanbouw","huis","verbouwing","onderhoud","herstelwerkzaamheden","technische","fouten"],"linkId":"203"},{"id":"588","title":"Geschillencommissie Sport en Beweging","text":true,"tags":["sport","sportscholen","sportschool","abonnement","training","fitness","trainer","fysio","fysiotherapy","fitnesscentrum"],"linkId":"947"},{"id":"1151","title":"Geschillencommissie Glas, Porselein en Aardewerk","text":true,"tags":["glas","porselein","aardewerk","keramiek","kookwinkel","cadeau","woonaccessoire","souvenir","kaarsen","kaarten","gebra","woon","wonen","interieur"],"linkId":"947"},{"id":"1155","title":"Geschillencommissie Geestelijke Gezondheidszorg","text":true,"tags":["geestelijke","ggz","geestelijk","psychiatrische","psychiatrisch","psychioloog","psychiater","psycologisch","psychologische","gezondheidszorg","pati\u00ebnten","pati\u00ebnt","zorginstelling"],"linkId":"947"},{"id":"589","title":"Geschillencommissie Gezelschapsdieren","text":true,"tags":["gezelschapsdieren","huisdieren","dierenwinkel","dierenpension","huisdier","dieren","hondenpension","dier","hond","honden","kat","katten","konijn","konijnen","hamster","hamsters","volgel","vogels","rat","muis."],"linkId":"947"},{"id":"590","title":"Geschillencommissie Thuiswinkel","text":true,"tags":["aankoop","webshop","webwinkel","koop op afstand","thuiswinkel.org","consument","internet","internetwinkel","internetshop","thuiswinkel","afstand","web","www","qshop"],"linkId":"947"},{"id":"592","title":"Klachtprocedure NBA","text":true,"tags":["accountant","accountancy","nivra","novaa","nba","belasting","belastingadviseur","belastingconsulent","ra","administratie","consulent","administratieconsulent"],"linkId":"947"},{"id":"591","title":"Accountancy \u2013 Raad voor Geschillen","text":true,"tags":["accountant","boekhouding","declaratie","nivra","novaa","nba","belastingconsulent","boekhouder","belastringadviseur","raad","geschillen","accountancy"],"linkId":"947"},{"id":"593","title":"Accountantskamer","text":true,"tags":["accountant","accountancy","nivra","novaa","nba","belastingconsulant","belastingadviseur","boekhouder","accountantskamer"],"linkId":"947"},{"id":"594","title":"Makelaars - NVM klachten","text":true,"tags":["nvm","makelaar","taxatie","provisie","courtage","woning","verkoop","vbo","makelaardij","taxateur","afsluitprovisie","intrekkingskosten","taxeren","taxatiekosten","makelaarskosten","voorlopig","koopcontract"],"linkId":"947"},{"id":"595","title":"Klachten Deurwaarders","text":true,"linkId":"947"},{"id":"596","title":"Notarissen - klachten","text":true,"tags":["notarissen","kandidaat-notaris","knb","notariaat","notaris","testament","nalatenschap","erfenis","huwelijkse voorwaarde","partnerschapsvoorwaarden","samenleefovereenkomst","woning","notari\u00eble","knb","schenking","samenleving"],"linkId":"947"},{"id":"597","title":"Advocaten - klachten","text":true,"tags":["advocaten","advocaat","orde","honorarium","factuur","pro","deo","rechtsbijstand","termijn","advocaat","advocaten","rechtshulp","advokaat","advokaten"],"linkId":"947"},{"id":"598","title":"Beslag op loon of uitkering \u2013 beslagvrije voet","text":true,"linkId":"947"},{"id":"599","title":"Maatschappelijk werk","text":true,"tags":["maatschappelijk","werk","sociale","dienst","gemeente","gemeentelijke","hulp","wmo","maatschappelijke"],"linkId":"947"},{"id":"600","title":"Sociaal raadslieden","text":true,"tags":["sociaal","raadslieden","juridisch","loket","juridische","hulp","gratis","hulp","gratis","rechtshulp","sociale"],"linkId":"947"},{"id":"601","title":"DUO (IB-Groep)","text":true,"tags":["studiefinanciering","duo","studiefinanciering","studiekosten","studiepunt","beurs","studiebeurs","school","opleiding","universiteit","studeren","ibg","informatiesering","onderwijs"],"linkId":"947"},{"id":"602","title":"Erfrecht - huwelijkse voorwaarden","text":true,"tags":["notaris","testament","erven","beneficiair","executeur","nalatenschap","erfenis","huwelijkse","voorwaarde","overdracht","notariele","akte","koopakte","verdeling","partnerschapsvoorwaarden","partnerschap","samenleefovereenkomsten","woning","notari\u00eble","knb","schenking","samenleving","verdeling","boedelverdeling","boedel"],"linkId":"947"},{"id":"603","title":"Naamsrecht -wijziging","text":true,"tags":["achternaam","geslachtsnaam","naam","naamswijziging","voornaam","wijziging","naam","voornaam","naam wijzigen","wijzig","naam","familienaam","achternaam"],"linkId":"947"},{"id":"604","title":"UWV WERKbedrijf","text":true,"tags":["uwv","uv","uw","uvw","werkbedrijf","cwi"],"linkId":"947"},{"id":"605","title":"Reclame code commissie","text":true,"tags":["reclame","misleidend","misleiden","misleiding","reclame","code","codecommissie","reclame code","reclamecode","ongevraagde","e-mail","brievenbusreclame","informatiediensten","cold calling","cold-calling"],"linkId":"947"},{"id":"606","title":"Stalking of belaging","text":true,"tags":["hinderlijk","volgen","volgen","bespieden","stalking","stalken","belaging","belagen","internet","sms","telefoon","bellen","email","e-mail","emailen","e-mailen","facebook","slachtoffer","seksueel","misbruik","seksueel","geweld","slachtofferhulp","slachtoffers","kinderen","familie","buren"],"linkId":"947"},{"id":"607","title":"Juridisch loket","text":true,"tags":["juridisch","loket","juridische","hulp","gratis hulp","gratis","rechtshulp","buro","sociaal","raadslieden"],"linkId":"947"},{"id":"608","title":"Klachteninstituut Financi\u00eble Dienstverlening","text":true,"tags":["financi\u00eble","financieel","financiele","financi\u00ebel","kifid","verzekering","hypotheek","lening","financiering","belegging","ombudsman","bank","klachteninstituut","krediet","crediet"],"linkId":"947"},{"id":"609","title":"Ombudsman Pensioenen","text":true,"tags":["pensioen","pensioenen","ombudsman","pensioenreglement","pensioenfonds","pensioenpremie","premie","ouderdomspensioen","pensionering"],"linkId":"947"},{"id":"610","title":"Slachtofferhulp Nederland","text":true,"tags":["slachtofferhulp","schadefonds","geweldsmisdrijven","schade","misdrijf","geweld","misdrijven","slachtoffer","letsel","onrecht","uitkering","strafbaar","diefstal","mishandeling","brandstichting","verkrachting","verkeersmisdrijf","strafproces","politie","openbaar ministerie","om","slachtofferhulp","dader","schadevergoeding"],"linkId":"947"},{"id":"611","title":"Slachtofferloket","text":true,"tags":["schadefonds","geweldsmisdrijven","schade","misdrijf","geweld","misdrijven","slachtoffer","letsel","onrecht","uitkering","strafbaar","diefstal","mishandeling","brandstichting","verkrachting","verkeersmisdrijf","strafproces","politie","openbaar ministerie","om","slachtofferhulp","dader","schadevergoeding"],"linkId":"947"},{"id":"612","title":"Schadefonds Geweldsmisdrijven","text":true,"tags":["schadefonds","smartegeld","immateriele","immateri\u00eble","geweldsmisdrijven","schade","invalide","misdrijf","geweld","misdrijven","slachtoffer","letsel","onrecht","uitkering","misdrijf","letsel","gewelds","vergoeding","schadevergoeding","psychisch","fysiek","psychische","fysieke"],"linkId":"947"},{"id":"613","title":"Medische fout - gezondheidszorg","text":true,"tags":["tuchtcollege","gezondheidszorg","patient","gezondheid","medisch","medisch handelen","zorgverlener","arts","psycholoog","psychiater","huisarts","medische fout","medische behandeling"],"linkId":"947"},{"id":"614","title":"Steunpunt Huiselijk Geweld","text":true,"tags":["seksueel","misbruik","slachtoffer","seksueel","misbruik","seksueel geweld","geweld","slachtofferhulp","huiselijk","geweld","kindermishandeling","gezondheidszorg","shg","slachtoffers","plegers","kinderen","familie","buren"],"linkId":"947"},{"id":"615","title":"Advies- en Meldpunt Kindermishandeling","text":true,"tags":["seksueel","misbruik","slachtoffer","seksueel","misbruik","seksueel","geweld","slachtofferhulp","huiselijk","kindermishandeling","gezondheidszorg","amk","slachtofferhulp","meldpunt"],"linkId":"947"},{"id":"616","title":"Meldpunt seksueel misbruik","text":true,"tags":["seksueel","misbruik","slachtoffer","seksueel","misbruik","seksueel","geweld","geweld","slachtofferhulp","huiselijk","geweld","kindermishandeling","gezondheidszorg"],"linkId":"947"},{"id":"617","title":"Sociale Verzekeringsbank","text":true,"tags":["sociale","verzekeringsbank","svb","volksverzekeringen","aow-pensioen","kinderbijslag","anw","nabestaandenuitkering","aow","aow-pensioen","aow aanvulling","aanvulling","wezenuitkering"],"linkId":"947"},{"id":"618","title":"Nationale Ombudsman","text":true,"tags":["overheidshandelen","nationale","ombudsman","overheid","gemeente","provincie","deelraad","besluit","politie","bezwaar","beroep","overheidsinstantie","klacht","beslissing","beschikking"],"linkId":"947"},{"id":"619","title":"Gemeente - besluiten","text":true,"tags":["sociale","dienst","gemeente","sociale wetgeving","bijstandsuitkering","bijstand","bbz","bijzondere","bijstandsuitkering zelfstandigen","bijstand","bijstandsuitkering","wwb","langdurigheidtoeslag","pgb","gemeente","zorgkantoor","schuld","schuldsanering","schuldenregeling","gemeente","besluiten","besluit","bouwvergunning","boete","bouwplan","buren","vergunning","uitkering"],"linkId":"947"},{"id":"620","title":"Sociale Dienst Gemeente  - uitkering","text":true,"tags":["sociale","dienst","gemeente","sociale","wetgeving","bijstandsuitkering","bijstand","bbz","bijzondere","bijstandsuitkering","zelfstandigen","bijstand","bijstandsuitkering","wwb","langdurigheidtoeslag","pgb","gemeente","zorgkantoor","schuld","schuldsanering","schuldenregeling"],"linkId":"947"},{"id":"621","title":"Belasting - info toeslagen","text":true,"tags":["belasting","toeslagen","toeslag","huurtoeslag","huur","kindertoeslag","kinderopvangtoeslag","kinderopvang","belastingaanslag","teruggave","toeslag","aangifte","belastingadviseur","belastingtelefoon"],"linkId":"947"},{"id":"622","title":"UWV \u2013 bezwaar en beroep","text":true,"tags":["uwv","uvw","uv","werkloosheidsuitkering","ww","wia","iva","wga","uitkering","wajong","tw","ziektewet","arbeidsongeschikt","arbeidsongeschiktheid","waz","ww","wia","iva","wga","tw","zw","wao","waz","werkloosheid","werkloos"],"linkId":"947"},{"id":"623","title":"Persoonsgebonden budget (pgb) - bezwaar","text":true,"tags":["persoonsgebonden","budget","pgb","awbz","zorg","verpleging","verzorging","zorgkantoor","wmo","voorziening","huishoudelijke","hulp","gemeente","indicatie","centrum","indicatiestelling","zorg","ciz"],"linkId":"947"},{"id":"624","title":"Onderwijsgeschillen","text":true,"tags":["studiefinanciering","duo","studiefinanciering","studiekosten","studiepunt","beurs","studiebeurs","school","opleiding","universiteit","studeren","ibg onderwijs"],"linkId":"947"},{"id":"625","title":"Bureau Jeugdzorg","text":true,"tags":["jeugdzorg","kind","kinderen","jongeren","jeugdzorg","bureau","jeugdzorg","zorg","ouders","ouder","toezicht","uithuisplaatsing","hulpverlener","indicatiestelling","amk","meldpunt","kindermishandeling","ots","uth","ondertoezichtstelling","jeugdbescherming","maatregel","voogdij","voogd","gezinsvoogdij","gezinsvoogd","pleegouder","pleeggezin","jeugdreclassering"],"linkId":"947"},{"id":"626","title":"Kinderontvoering","text":true,"tags":["kinderontvoering","iko","kind","ontvoering","omgangsregeling","omgang","buitenland","verhuizen","verhuizing","toestemming"],"linkId":"947"},{"id":"627","title":"Mediator","text":true,"tags":["mediator","bemiddeling","omgangsregeling","omgang","conflict","echtscheiding","arbeidsconflict","nmi","vmsn","scheiding","vfas","scheidingsbemiddelaar","mediation"],"linkId":"947"},{"id":"628","title":"Bewindvoering, mentorschap, curatele","text":true,"tags":["bewindvoerder","bewindvoering","rechter","commissaris","rechter-commissaris","faillissement","schuldsanering","natuurlijke","personen","wsnp","schulden","mentor","mentorschap","bewind","schuldsanering","sanering"],"linkId":"947"},{"id":"629","title":"Alimentatie en incasso van alimentatie","text":true,"tags":["alimentatie","kinderbijdrage","inning van alimentatie","incasseren","partneralimentatie","kinderalimentatie","landelijk","inning","onderhoudsbijdrage","lbio","deurwaarder","alimentatiebeschikking","indexering","kinderbijdrage","draagkracht","behoefte","nibud","ouderbijdrage","alimentatierekenen","berekening","alimentatie","alimentatieberekening"],"linkId":"947"},{"id":"630","title":"Klachten en Geschillen Zorgverzekeringen","text":true,"tags":["zorgverzekeraar","zorg","verzekering","zorgpolis","zorgpremie","ziekenzorg","ziekte","zorgpremie","verzekeringspremie","premie","zorgvergoeding","vergoeding","skgz","ombudsman","zorgverzekeringen","zorgverzekering"],"linkId":"947"},{"id":"631","title":"Belasting - bezwaar maken","text":true,"tags":["belasting","belastingen","belast","btw","ib","loonbelasting","premie","inkomstenbelasting","belastingaanslag","teruggave","toeslag","aangifte","belastingadviseur","belastingtelefoon","belastingdienst"],"linkId":"947"},{"id":"632","title":"College bescherming persoonsgegevens (CBP)","text":true,"tags":["persoonsgegevens","cbp","persoonsrechten","inbreuk","privacy","personeelsdossier","dossier","college","bescherming","wbp"],"linkId":"947"},{"id":"633","title":"Raad voor Rechtsbijstand - klacht","text":true,"tags":["rechtsbijstand","gesubsidieerde","rechtshulp","advocaat","advocaten","pro","deo","prodeo","gratis","rechtshulp","onvermogen","rvr","advokaat","advokaten"],"linkId":"947"},{"id":"634","title":"UWV \u2013 klachtenregeling","text":true,"tags":["uw","uitkeringsinstelling","uwv","uv","uvw","uitkering"],"linkId":"947"},{"id":"635","title":"Klacht over politieoptreden","text":true,"tags":["politieoptreden","politie","politiekorps","politiekorps","klpd","korps","corps","arrestatie","aanhouding","aangifte","fouilleren","fouillering","agent","boete","overtreding","opsluiting","wildplassen","beboeting","beboeten","verbaal","verbalisant","verbaliseren"],"linkId":"947"},{"id":"636","title":"CJIB - bezwaar","text":true,"tags":["incassobureau","cjib","boete","mulder","verkeersboete","verkeer","verkeersovertreding","overtreding","geflitst","hardrijden","parkeerboete","proces-verbaal","flits","flitspaal","snelheid","snelheidsovertreding"],"linkId":"947"},{"id":"637","title":"CJIB - klachten","text":true,"tags":["incassobureau","cjib","boete","mulder","verkeersboete","verkeer","verkeersovertreding","overtreding","geflitst","hardrijden","parkeerboete","proces-verbaal","flits","flitspaal","snelheid","snelheidsovertreding"],"linkId":"947"},{"id":"638","title":"Raad voor de Journalistiek","text":true,"tags":["journalist","journalistiek","krant","weekblad","publicatie","pers","media","smaad","laster","foto","inbreuk","dagblad","artikel","foto","portret"],"linkId":"947"},{"id":"639","title":"College voor de Rechten van de Mens (CRM)","text":true,"tags":["mensenrechten","crm","commissie gelijke behandeling","discriminatie","geslacht","ras","leeftijd","nationaliteit","godsdienst","religie levensovertuiging","politieke overtuiging","seksuele gerichtheid","burgerlijke staat","arbeidsduur","tijdelijk","arbeidscontract","handicap","homo","lesbisch","chronisch","ziekte","discriminatie","discrimineren","religie","ras","geloof","geslacht","homo","gediscrimineerd","ongelijke behandeling","gelijkheid","ongelijk"],"linkId":"947"},{"id":"640","title":"Antidiscriminatiebureaus","text":true,"tags":["mensenrechten","crm","commissie gelijke behandeling","discriminatie","geslacht","ras","leeftijd","nationaliteit","godsdienst","religie levensovertuiging","politieke overtuiging","seksuele gerichtheid","burgerlijke staat","arbeidsduur","tijdelijk","arbeidscontract","handicap","homo","lesbisch","chronisch","ziekte","discriminatie","discrimineren","religie","ras","geloof","geslacht","homo","gediscrimineerd","ongelijke behandeling","gelijkheid","ongelijk"],"linkId":"947"},{"id":"641","title":"Meldpunt Discriminatie Internet (MDI)","text":true,"tags":["mdi","mensenrechten","crm","commissie gelijke behandeling","discriminatie","geslacht","ras","leeftijd","nationaliteit","godsdienst","religie levensovertuiging","politieke overtuiging","seksuele gerichtheid","burgerlijke staat","arbeidsduur","tijdelijk","arbeidscontract","handicap","homo","lesbisch","chronisch","ziekte","discriminatie","discrimineren","religie","ras","geloof","geslacht","homo","gediscrimineerd","ongelijke behandeling","gelijkheid","ongelijk","gelijk"],"linkId":"947"},{"id":"642","title":"Vereniging Eigen Huis","text":true,"tags":["vereniging","eigen","huis","veh","woningbezitter","woning","verbouwing","nieuwbouw","eigen","huis","huis"],"linkId":"947"},{"id":"643","title":"Woonbond","text":true,"tags":["woonbond","huur","huurder","woningzoekende","huren","woning","woningen","huurderslijn","renovatie","woningruil","huurwoning","huurprijs","servicekosten","renovatie"],"linkId":"947"},{"id":"644","title":"Huurcommissie","text":true,"tags":["huurcommissie","huur","servicekosten","huurpunten","huurder","verhuurder","verhuur","puntenstelsel","woning","huurwoning","woninghuur","ombudsman","huren","renovatie","ontruiming","ontruimen","verhuur","huurprijs"],"linkId":"947"},{"id":"645","title":"Alimentatie berekenen","text":true,"tags":["alimentatie","kinderbijdrage","kinderalimentatie","partneralimentatie","lbio","alimentatie berekenen","alimentatierekenen","alimentatieberekening","lbio","libo","blio","lbio","lboi"],"linkId":"947"},{"id":"646","title":"Indexering van alimentatie","text":true,"tags":["alimentatie","kinderbijdrage","kinderalimentatie","partneralimentatie","index","indexering","verhoging","kinderalimentatie","levensonderhoud","partner","lbio","libo","blio","lbio","lboi"],"linkId":"947"},{"id":"647","title":"Inning van achterstallige alimentatie LBIO","text":true,"tags":["inning","incasso","incasseren","innen","deurwaarder","alimentatie","kinderbijdrage","kinderalimentatie","partneralimentatie","lbio","levensonderhoud","kind","libo","blio","lbio","lboi"],"linkId":"947"},{"id":"648","title":"Huurprijs -servicekosten woonruimte","text":true,"tags":["huurverlaging","servicekostenoverzicht","huurcommissie","huur","servicekosten","huurpunten","puntenstelsel","woning","huurwoning","woninghuur","ombudsman","huurprijs","prijscheck","service","kosten","prijs check","huurverhoging","huurindex","indexering"],"linkId":"947"},{"id":"649","title":"Arbeidsinspectie","text":true,"tags":["arbeidsinspectie","inspectie","szw","werkgever","werknemer","veiligheid","werk","inkomen","arbeidsomstandigheden","arbeidstijden","minimumloon","vreemdelingen","vakantiebijslag","arbeid vreemdelingen","ondernemingsraad","personeelsvertegenwoordiging","vakbonden"],"linkId":"947"},{"id":"650","title":"Vakbond","text":true,"tags":["vakbonden","vakbond","werknemer","arbeider","arbeid","collectieve","arbeidsovereenkomst","cao","werkomstandigheden","loon","arbeidsvoorwaarden","bedrijfsongelukken","medezeggenschap","fnv","cnv"],"linkId":"947"},{"id":"651","title":"Aankoop via webshop","text":true,"tags":["aankoop","webshop","webwinkel","koop op afstand","thuiswinkel.org","consument","internet","internetwinkel","internetshop"],"linkId":"947"},{"id":"652","title":"Europees Consumenten Centrum","text":true,"tags":["consument","ecc","aanschaf","goederen","diensten","verkoop","bestelling","webwinkel","pakketreis","online","reisorganisatie"],"linkId":"947"},{"id":"653","title":"Meldpunt Internetoplichting","text":true,"tags":["aankoop","webshop","webwinkel","koop op afstand","thuiswinkel.org","consument","internet","oplichting","internetoplichting","fraude","fishing","internetfraude"],"linkId":"947"},{"id":"654","title":"Consumentenbond","text":true,"tags":["consumentenbond","consumenten","consument","consumentenrecht","koop","aankoop","huurkoop","winkel","consumentenkoop","detailhandel"],"linkId":"947"},{"id":"655","title":"Stichting De Ombudsman","text":true,"tags":["ombudsman","consumentenrecht","consument","consumentenbond","consumenten","koop","aankoop","huurkoop","winkel"],"linkId":"947"},{"id":"656","title":"ConsuWijzer","text":true,"tags":["consument","koop","verkoop webwinkel","aankoop winkel","handel","internet","telefonie","tv","post","energie","elektronica","huishoudelijke apparatuur","huis","tuin","vakantie","reis","kleding","textiel"],"linkId":"947"},{"id":"657","title":"Klachteninstituut Uitvaartwezen","text":true,"tags":["uitvaart","begrafenis","crematie","overlijden","begraven","cremeren","uitvaartdienst","rouwdienst","uitvaartstoet","begrafenisauto","doodskist","overledene","overlijden","overleden","dood"],"linkId":"947"},{"id":"658","title":"ConsuWijzer - info","text":true,"linkId":"947"},{"id":"659","title":"Europees Consumenten Centrum - info","text":true,"linkId":"947"},{"id":"660","title":"Aankoop via webshop - info","text":true,"linkId":"947"},{"id":"661","title":"Commissie Gelijke Behandeling  - info","text":true,"linkId":"947"},{"id":"662","title":"Schuldhulpverlening","text":true,"tags":["beslagvrije voet","akkoord","beslag","beslagvrije","betalingsregeling","bewind","bewindvoerder","bewindvoering","deurwaarder","faillissement","kredietbank","credietbank. incasso","levensonderhoud","mentor","mentorschap","minnelijk","minnelijke","rechtbank","rechter-commissaris","schuldhulp","sanering","schuld","schuldeiser","schuldeisers","schulden","schuldenregeling","schuldhulpverleningsorganisaties","schuldhulpverleningstraject","schuldsanering","schuldsaneringsverklaring","uitkering","voet","wettelijke","wsnp"],"linkId":"947"},{"id":"663","title":"Alimentatie of kinderbijdrage en inning","text":true,"tags":["alimentatie","kinderbijdrage","inning","incasseren","partneralimentatie","kinderalimentatie","landelijk","levensonderhoud","onderhoudsbijdrage","deurwaarder","alimentatiebeschikking","indexering","kinderbijdrage","draagkracht","behoefte","nibud","ouderbijdrage","alimentatierekenen","berekening","alimentatie","alimentatieberekening","lbio","libo","blio","lbio","lboi"],"linkId":"947"},{"id":"664","title":"Thuiswinkel Waarborg info","text":true,"tags":["aankoop","webshop","webwinkel","koop op afstand","thuiswinkel.org","consument","internet","consumenten","consumenten","gedragscode","geschillencommissie","keurmerk","online","qshops","thuiswinkel","webshop","webwinkel","koop","afstand","internet","internetkoop","webtransactie"],"linkId":"947"},{"id":"665","title":"Stichting Webshop Keurmerk","text":true,"tags":["aankoop","webshop","webwinkel","koop op afstand","thuiswinkel.org","consument","internet","consumenten","consumenten","gedragscode","geschillencommissie","keurmerk","online","qshops","thuiswinkel","webshop","webwinkel","koop","afstand","internet","internetkoop","webtransactie"],"linkId":"947"},{"id":"666","title":"Qshops Keurmerk","text":true,"tags":["qshops","qshop","aankoop","webshop","webwinkel","koop op afstand","thuiswinkel.org","consument","internet","web","consumenten","consumenten","gedragscode","geschillencommissie","keurmerk","online","qshops","thuiswinkel","webshop","webwinkel","koop","afstand","internet","internetkoop","webtransactie"],"linkId":"947"},{"id":"667","title":"Het Thuiswinkel Keurmerk","text":true,"tags":["aankoop","webshop","webwinkel","koop op afstand","thuiswinkel.org","consument","internet","consumenten","consumenten","gedragscode","geschillencommissie","keurmerk","online","qshops","thuiswinkel","webshop","webwinkel","web","koop","afstand","internet","internetkoop","webtransactie"],"linkId":"947"},{"id":"668","title":"Adoptie","text":true,"tags":["adoptie","adopteren","adoptieprocedure","kind","ouder","stiefouder","stiefkind","adoptieouder","adoptievader","adoptievoorzieningen"],"linkId":"947"},{"id":"669","title":"Loonwijzer","text":true,"tags":["loon","salaris","inkomen","emolument","emolumenten","vergoedingen","vergoeding","cao","betaling","reiskosten","salarisschaal","salarisstrook","vacantiegeld","vacantietoeslag","vacantiedagen","vakantiegeld","vakantietoeslag","vakantiedagen","beloning"],"linkId":"947"},{"id":"670","title":"Rijksoverheid","text":true,"tags":["postbus","51","rijks","overheid","rijksdienst","rijksoverheid"],"linkId":"947"},{"id":"671","title":"Financi\u00eble producten","text":true,"tags":["afm","financiele","financi\u00eble","aanbieder","financieel","kifid","financi\u00ebel","product","autoriteit","belegging","investeren","investering","beleggen","derivaten","autoriteit"],"linkId":"947"},{"id":"672","title":"De Sociale Verzekeringsbank info","text":true,"tags":["sociale","verzekeringsbank","svb","volksverzekeringen","volksverzekering","aow","pensioen","kinderbijslag","anw","nabestaandenuitkering","aow","aow-pensioen","aanvulling","aanvulling","wezenuitkering"],"linkId":"947"},{"id":"673","title":"Belastingdienst toeslagen info","text":true,"tags":["belasting","belastingaanslag","teruggave","toeslag","aangifte","belastingadviseur","belastingtelefoon","huur","toeslag","kindertoeslag","kinderopvang","zorg","belastingaanslag","teruggave","toeslag","aangifte","bezwaarschrift","bezwaarprocedure","belastingadviseur","bezwaarcheck","belastingtelefoon","belastingdienst","huurtoeslag","kindertoeslag","kinderopvang","zorgtoeslag","aanslag"],"linkId":"947"},{"id":"674","title":"Uitkeringsinstelling UWV info","text":true,"tags":["uwv","uvw","uw","uv","uitkering","uitkeringsinstelling"],"linkId":"947"},{"id":"675","title":"Persoonsgebonden budget (PGB) - info","text":true,"tags":["vergoedingsregeling","pgb","persoonsgebonden","budget","bijzondere","ziektekosten","awbz","rugzak","ciz","indicatie","zorg","zorgbudget"],"linkId":"947"},{"id":"676","title":"Stichting Korrelatie","text":true,"tags":["korrelatie","correlatie","angst","psychisch","psychische hulp","buren","depressie","familie","kind","opvoeding","ouder","partnerrelatie","psychische","psychiatrische","relatieproblemen","relatieproblemen","seksualiteit","zwangerschap"],"linkId":"947"},{"id":"677","title":"Sensoor","text":true,"tags":["sensoor","angst","psychisch","psychische hulp","buren","depressie","familie","kind","opvoeding","ouder","partnerrelatie","psychische","psychiatrische","relatieproblemen","relatieproblemen","seksualiteit","zwangerschap"],"linkId":"947"},{"id":"1161","title":"Stichting Waarborgfonds Koopwoningen","text":true,"tags":["swk","waarborgcertificaten","waarborgcertificaat","woningen","woning","aannemer","woning","garantiewoning","woning","giw","koopwoning","garantie","waarborgfonds","waarborg"],"linkId":"947"},{"id":"1182","title":"Deurwaarders","text":true,"tags":["deurwaarder","incasso","alimentatie","partneralimentatie","kinderalimentatie","kinderbijdrage","onderhoudsbijdrage","levensonderhoud","vonnis","beschikking","beslag","inning","innen","invordering","invorderen","grosse","incasseren"],"linkId":"947"}]},{"id":"679","title":"Hoofdpagina`s","text":"Hoofdpagina`s","type":"list","linkId":"947","nodes":[{"id":"680","title":"Beslag op loon of uitkering","text":true,"tags":["loonbeslag","beslag","loon","uitkering","voet","financi\u00eble","financiele","loon","deurwaarder","inkomen","beslagvrije","levensonderhoud","incasso","inkasso","wsnp","sanering","schulden"],"linkId":"947"},{"id":"681","title":"Ik weet het niet","text":true,"linkId":"947"},{"id":"682","title":"Notariaat","text":true,"tags":["notarissen","kandidaat-notaris","knb","notariaat","notaris","testament","nalatenschap","erfenis","huwelijkse voorwaarde","partnerschapsvoorwaarden","samenleefovereenkomsten","woning","notari\u00eble","knb","schenking","samenleving"],"linkId":"947"},{"id":"683","title":"Taxateur - makelaar","text":true,"linkId":"947"},{"id":"684","title":"Advocaten","text":true,"tags":["advocaten","advocaat","orde","advocaten","honorarium","factuur"],"linkId":"947"},{"id":"685","title":"Deurwaarders","text":true,"tags":["beslag","loon","uitkering","beslagvrije voet","financi\u00eble","loon","deurwaarder","inkomen","beslagvrije","levensonderhoud","incasso","deurwaarder","gerechtsdeurwaarder"],"linkId":"947"},{"id":"686","title":"Reclame en privacy","text":true,"linkId":"947"},{"id":"687","title":"Pensioenfonds","text":true,"tags":["pensioen","pensioenen","ombudsman","pensioenreglement","pensioenfonds","pensioenpremie","premie","ouderdomspensioen","pensionering"],"linkId":"947"},{"id":"688","title":"Schade door geweld of misdrijf algemeen","text":true,"tags":["schadefonds","geweldsmisdrijven","schade","misdrijf","geweld","misdrijven","slachtoffer","letsel","onrecht","uitkering","strafbaar","diefstal","mishandeling","brandstichting","verkrachting","verkeersmisdrijf","strafproces","politie","openbaar ministerie","om","slachtofferhulp","dader","schadevergoeding"],"linkId":"947"},{"id":"689","title":"Schade door geweld in de priv\u00e9 sfeer","text":true,"tags":["seksueel misbruik","slachtoffer","seksueel","misbruik","seksueel geweld","geweld","slachtofferhulp","huiselijk geweld","kindermishandeling","gezondheidszorg","shg","slachtoffers","plegers","kinderen","familie","buren"],"linkId":"947"},{"id":"690","title":"PGB gemeente of zorgkantoor","text":true,"tags":["persoonsgebonden budget","pgb","awbz","zorg","verpleging","verzorging","zorgkantoor","wmo","voorziening","huishoudelijke hulp","gemeente","indicatie","centrum indicatiestelling zorg","ciz"],"linkId":"947"},{"id":"691","title":"Studiefinanciering DUO-IBG","text":true,"tags":["studiefinanciering","duo","studiefinanciering","studiekosten","studiepunt","beurs","studiebeurs","school","opleiding","universiteit","studeren"],"linkId":"947"},{"id":"692","title":"Openbaar onderwijs","text":true,"tags":["openbaar","onderwijs","studiefinanciering","duo","studiefinanciering","studiekosten","studiepunt","beurs","studiebeurs","school","opleiding","universiteit","studeren"],"linkId":"947"},{"id":"693","title":"Particulier onderwijs","text":true,"linkId":"947"},{"id":"694","title":"Curatele, bewindstelling, mentorschap","text":true,"linkId":"947"},{"id":"695","title":"Omgangsregeling","text":true,"tags":["jeugdzorg","kind","kinderen","jongeren","jeugdzorg","bureau jeugdzorg","zorg","ouders","ouder","hulpverlener","indicatiestelling","amk","advies- en meldpunt kindermishandeling","ots","uth","ondertoezichtstelling","jeugdbeschermingsmaatregelen","voogdij","gezinsvoogdij","pleegouder","pleeggezin","jeugdreclassering","omgang","omgangsregeling"],"linkId":"947"},{"id":"696","title":"Huisarts","text":true,"tags":["tuchtcollege","gezondheidszorg","patient","gezondheid","medisch","medisch handelen","zorgverlener","arts","psycholoog","psychiater","huisarts","medische fout","medische behandeling"],"linkId":"947"},{"id":"697","title":"Therapeut","text":true,"tags":["tuchtcollege","gezondheidszorg","patient","gezondheid","medisch","medisch handelen","zorgverlener","arts","psycholoog","psychiater","huisarts","medische fout","medische behandeling"],"linkId":"947"},{"id":"698","title":"Zorgverzekeraar","text":true,"tags":["zorgverzekeraar","zorg","verzekering","zorgverzekeringen","zorgpolis","zorgpremie","ziekenzorg","ziekte","zorgpremie","verzekeringspremie","premie","zorgvergoeding","vergoeding","skgz","ombudsman zorgverzekeringen","geschillencommissie zorgverzekeringen"],"linkId":"947"},{"id":"699","title":"Zelfstandige kliniek","text":true,"tags":["klinieken","medisch","kliniek","medische","behandeling","operatie","cosmetisch","uiterlijk","borstverkleining","borstvergroting","facelift","laserbehandeling","ooglidcorrectie","liposuctie","botox"],"linkId":"947"},{"id":"700","title":"Belastingdienst","text":true,"tags":["belasting","belastingen","belast","btw","ib","inkomstenbelasting","belastingaanslag","teruggave","toeslag","aangifte","belastingadviseur","belastingtelefoon"],"linkId":"947"},{"id":"701","title":"Raad voor de rechtsbijstand","text":true,"tags":["rechtsbijstand","gesubsidieerde","rechtshulp","advocaat","advocaten","pro deo","prodeo","gratis rechtshulp","onvermogen"],"linkId":"947"},{"id":"702","title":"UWV klachten","text":true,"tags":["uwv","uv","uw","uvw"],"linkId":"947"},{"id":"703","title":"Gemeente","text":true,"linkId":"947"},{"id":"704","title":"Privacy -  bescherming persoonsgegevens","text":true,"linkId":"947"},{"id":"705","title":"Andere overheidsinstanties","text":true,"tags":["overheid","overheidsinstantie"],"linkId":"947"},{"id":"706","title":"Journalistieke activiteiten","text":true,"tags":["journalist","journalistiek","krant","weekblad","publicatie","pers","media","smaad","laster","foto","inbreuk"],"linkId":"947"},{"id":"707","title":"Arbeidsomstandigheden, ziekte, veiligheid","text":true,"tags":["arbeidsomstandigheden","ziekte","veiligheid","werk"],"linkId":"947"},{"id":"708","title":"Ongelijke behandeling en discriminatie","text":true,"linkId":"947"},{"id":"709","title":"Arbeidsongeval, ziekte, arbeidsongeschiktheid","text":true,"linkId":"947"},{"id":"710","title":"Ondernemingsraad","text":true,"tags":["ondernemingsraad","medezeggenschap"],"linkId":"947"},{"id":"711","title":"Kinderopvang","text":true,"tags":["kinderopvang"],"linkId":"947"},{"id":"712","title":"Mijn situatie staat er niet bij","text":true,"linkId":"947"},{"id":"713","title":"U woont samen of heeft samengewoond","text":true,"linkId":"947"},{"id":"714","title":"U bent getrouwd (geweest)","text":true,"tags":["huwelijk","echtscheiding","scheiding","uiteengaan","samenleving","samenwoning","huwelijkse","voorwaarden"],"linkId":"947"},{"id":"715","title":"Problemen met kinderen","text":true,"tags":["jeugdzorg","kind","kinderen","jongeren","jeugdzorg","bureau jeugdzorg","zorg","ouders","ouder","hulpverlener","indicatiestelling","amk","advies- en meldpunt kindermishandeling","ots","uth","ondertoezichtstelling","jeugdbeschermingsmaatregelen","voogdij","gezinsvoogdij","pleegouder","pleeggezin","jeugdreclassering","omgang","omgangsregeling"],"linkId":"947"},{"id":"716","title":"DUO (IB-Groep)","text":true,"linkId":"947"},{"id":"717","title":"Verkeersboete xx","text":true,"type":"list","linkId":"947","nodes":[{"id":"1137","title":"CJIB - Klachten","type":"link","linkId":"637"},{"id":"1138","title":"CJIB - bezwaar","type":"link","linkId":"636"}]},{"id":"718","title":"Politieoptreden","text":true,"tags":["politieoptreden","politie","politiekorps","arrestatie","aanhouding","aangifte","fouilleren","fouillering","verkeersboete"],"linkId":"947"},{"id":"719","title":"Discriminatie op het werk","text":true,"linkId":"947"},{"id":"720","title":"Discriminatie algemeen","text":true,"linkId":"947"},{"id":"721","title":"Discriminatie op internet","text":true,"tags":["discriminatie","discrimineren","antidiscriminatiebureau","religie","ras","geloof","geslacht","homo","gediscrimineerd","ongelijke behandeling","gelijkheid","ongelijk","ongelijkheid","lesbisch","homosexueel","homosexualiteit","homofiel","meldpunt internet","mdi"],"linkId":"947"},{"id":"722","title":"Gebreken nieuwbouwwoning","text":true,"tags":["oplevering","vertraging","opleveringsgebreken","bouwkundige gebreken","aannemer"],"linkId":"947"},{"id":"724","title":"Verbouwing","text":true,"tags":["verbouwing"],"linkId":"947"},{"id":"725","title":"Hypotheek","text":true,"linkId":"947"},{"id":"726","title":"Bijzondere aanpassing van de woning","text":true,"linkId":"947"},{"id":"727","title":"Woonlasten","text":true,"linkId":"947"},{"id":"728","title":"Nieuwbouw","text":true,"tags":["nieuwbouw","aannemer","aanneming","bouw","woning","huis"],"linkId":"947"},{"id":"729","title":"Stankoverlast","text":true,"linkId":"947"},{"id":"730","title":"Hangjongeren","text":true,"tags":["woonbond","huur","huurder","woningzoekende","huren","woning","woningen","huurderslijn","renovatie","woningruil","hangjongeren","overlast","geluidsoverlast","stankoverlast"],"linkId":"947"},{"id":"731","title":"Aangaan huurovereenkomst","text":true,"tags":["huurprijs"],"linkId":"947"},{"id":"732","title":"Huurprijs","text":true,"linkId":"947"},{"id":"733","title":"Ouderenhuisvesting","text":true,"tags":["ouderenhuisvesting","bejaardenwoning","aanleunwoning","bejaardenhuis","ouderen","bejaarde","bejaard","serviceflat","zorginstelling"],"linkId":"947"},{"id":"734","title":"Gehandicaptenhuisvesting","text":true,"tags":["gehandicaptenhuisvesting","gehandicapt","gehandicapte","handicap","huisvesting","invalide"],"linkId":"947"},{"id":"735","title":"Overige bijzondere huisvesting","text":true,"tags":["bijzondere","huisvesting"],"linkId":"947"},{"id":"736","title":"Koop via webshop","text":true,"linkId":"947"},{"id":"737","title":"Overige consumentenkoop","text":true,"linkId":"947"},{"id":"738","title":"Elektronica - huishoudelijke apparaten","text":true,"tags":["kwaliteit","levertijd","garantie","service","beeld","bestek","boek","computer","software","film","game","gps","kaars","klok","koffiezetautomaat","muziek","oven","schilderij","spiegel","strijkijzer","tijdschrift","vaas","verlichting","vriezer","wasmachine","droger","wasdroger"],"linkId":"947"},{"id":"739","title":"Woningaankleding","text":true,"tags":["keuken","apparatuur","badkamer","vloer","slaapkamer","gordijnen","meubelen","installatie"],"linkId":"947"},{"id":"740","title":"Accessoires","text":true,"tags":["meubilair","woningartikelen","bestek","verlichting","spiegels","klokken","schilderijen","kaarsen","beelden","vazen"],"linkId":"947"},{"id":"741","title":"Meubels","text":true,"tags":["woninginrichting","inrichting","inboedel","meubels","salontafels","kasten","bedden","eettafels","barkrukken","banken","keukenblok"],"linkId":"947"},{"id":"742","title":"Media","text":true,"tags":["media","video","cd","films","film","game","games","muziek","boeken","tijdschriften","software","boek  media","films","games","muziek","boeken","tijdschriften","computersoftware"],"linkId":"947"},{"id":"743","title":"Airconditioning","text":true,"linkId":"203"},{"id":"744","title":"Overige woninginrichting en inboedel","text":true,"linkId":"947"},{"id":"745","title":"Tweewielers","text":true,"tags":["tweewieler","snorfiets","fiets","motorfiets","bromfiets","scooters"],"linkId":"947"},{"id":"746","title":"Vierwielers","text":true,"linkId":"947"},{"id":"747","title":"Onderdelen en accessoires","text":true,"tags":["auto","garantie","autoonderdelen","voertuigen"],"linkId":"947"},{"id":"748","title":"Overige vervoersmiddelen","text":true,"tags":["voertuigen"],"linkId":"947"},{"id":"749","title":"Kleding","text":true,"tags":["kleding","kledingaccessoires","schoenen","laarzen","badtextiel","beddengoed"],"linkId":"947"},{"id":"750","title":"Brillen en lenzen","text":true,"tags":["brillen","lenzen","optiek","bril","lens"],"linkId":"947"},{"id":"751","title":"Persoonlijke verzorging","text":true,"tags":["horloges","sieraden","kettingen","armbanden","ringen","tassen"],"linkId":"947"},{"id":"752","title":"Overige kleding en verzorging","text":true,"linkId":"947"},{"id":"753","title":"Pensioenfonds","text":true,"tags":["pensioen","pensioenen","ombudsman","pensioenreglement","pensioenfonds","pensioenpremie","premie","ouderdomspensioen","pensionering"],"linkId":"947"},{"id":"754","title":"Reizen","text":true,"linkId":"947"},{"id":"755","title":"Recreatie","text":true,"tags":["recreatie"],"linkId":"947"},{"id":"756","title":"Waterrecreatie","text":true,"tags":["waterrecreatie","water","boot","boten","hiswa"],"linkId":"947"},{"id":"757","title":"Waterleverancier","text":true,"linkId":"947"},{"id":"758","title":"Energieleverancier","text":true,"linkId":"947"},{"id":"759","title":"Autoverhuur","text":true,"linkId":"947"},{"id":"760","title":"Openbaar vervoer","text":true,"linkId":"947"},{"id":"761","title":"Koeriersdienst","text":true,"tags":["koeriersdienst","koerier","pakketservice","pakketdienst","koeriersbedrijf"],"linkId":"947"},{"id":"762","title":"Taxivervoer","text":true,"linkId":"947"},{"id":"763","title":"Rijschool","text":true,"tags":["rijschool"],"linkId":"947"},{"id":"764","title":"Deurwaarders","text":true,"linkId":"947"},{"id":"765","title":"Notariaat","text":true,"linkId":"947"},{"id":"766","title":"Taxateur - makelaar","text":true,"linkId":"947"},{"id":"767","title":"Televisie","text":true,"linkId":"947"},{"id":"768","title":"Vaste telefonie","text":true,"linkId":"947"},{"id":"769","title":"Post","text":true,"linkId":"947"},{"id":"770","title":"Internet","text":true,"linkId":"947"},{"id":"771","title":"Mobiele telefonie","text":true,"linkId":"947"},{"id":"772","title":"Kabel","text":true,"linkId":"947"},{"id":"773","title":"Verhuizer","text":true,"linkId":"947"},{"id":"774","title":"Stukadoor","text":true,"tags":["afbouw","stukadoor"],"linkId":"947"},{"id":"775","title":"Doe-het-zelfbedrijf","text":true,"linkId":"947"},{"id":"778","title":"Hovenier","text":true,"linkId":"947"},{"id":"779","title":"Schilder, behanger, glaszetter","text":true,"tags":["schilder","behanger","glaszetter"],"linkId":"947"},{"id":"780","title":"Loodgieter, installateur","text":true,"linkId":"947"},{"id":"781","title":"Makelaar","text":true,"linkId":"947"},{"id":"782","title":"Aannemer, timmerman, electricien","text":true,"tags":["aannemer","timmerman","elektricien"],"linkId":"947"},{"id":"783","title":"Kinderopvang","text":true,"linkId":"947"},{"id":"784","title":"Openbaar onderwijs","text":true,"tags":["openbaar","onderwijs","studiefinanciering","duo","studiefinanciering","studiekosten","studiepunt","beurs","studiebeurs","school","opleiding","universiteit","studeren"],"linkId":"947"},{"id":"785","title":"Particulier onderwijs","text":true,"linkId":"947"},{"id":"786","title":"Stomerij","text":true,"linkId":"947"},{"id":"787","title":"Sportschool","text":true,"linkId":"947"},{"id":"788","title":"Parfumerie","text":true,"tags":["parfumerie","parfum","schoonheid","schoonheidsartikelen"],"linkId":"947"},{"id":"789","title":"Kapper","text":true,"linkId":"947"},{"id":"790","title":"Schoonheidsspecialist","text":true,"linkId":"947"},{"id":"791","title":"Zonnestudio","text":true,"linkId":"947"},{"id":"792","title":"Uitvaartwezen, begrafenis, crematie","text":true,"linkId":"947"},{"id":"793","title":"Dierenpension en -speciaalzaak","text":true,"linkId":"947"},{"id":"794","title":"Overige dienstverleners","text":true,"linkId":"947"},{"id":"795","title":"Maatschappelijk","text":true,"tags":["angst","psychisch","psychische hulp","buren","depressie","familie","kind","opvoeding","ouder","partnerrelatie","psychische","psychiatrische","relatieproblemen","relatieproblemen","seksualiteit","zwangerschap"],"linkId":"947"},{"id":"796","title":"Koop via internet-webshop  - info","text":true,"tags":["webshop","webwinkel","internetshop"],"linkId":"947"},{"id":"797","title":"Eigen woning","text":true,"linkId":"947"},{"id":"798","title":"Huurwoning","text":true,"linkId":"947"},{"id":"799","title":"Werk en inkomen","text":true,"linkId":"947"},{"id":"800","title":"Kindermisbruik en sexueel misbruik","text":true,"linkId":"947"},{"id":"801","title":"PGB gemeente of zorgkantoor info","text":true,"linkId":"947"},{"id":"802","title":"Sociale Verzekeringsbank  - bezwaar en info","text":true,"linkId":"947"},{"id":"803","title":"Sociale dienst gemeente - bezwaar en info","text":true,"linkId":"947"},{"id":"804","title":"Belastingdienst - bezwaar en info","text":true,"linkId":"947"},{"id":"805","title":"Uitkeringsinstelling UWV- bezwaar en info","text":true,"linkId":"947"},{"id":"806","title":"Kifid bezwaar en info","text":true,"linkId":"947"},{"id":"807","title":"Accountancy - bezwaar en info","text":true,"linkId":"947"},{"id":"808","title":"SVB klacht en info","text":true,"linkId":"947"},{"id":"809","title":"Uitkering gemeente bezwaar en info","text":true,"linkId":"947"},{"id":"810","title":"Toeslagen - klachten","text":true,"tags":["huurtoeslag","huur","teruggave","toeslag","aangifte","belasting"],"linkId":"947"},{"id":"811","title":"UWV uitkering klacht en info","text":true,"tags":["uw","uitkeringsinstelling","uwv","uv","uvw","uitkering"],"linkId":"947"},{"id":"812","title":"Medische klacht","text":true,"linkId":"947"},{"id":"813","title":"Algemeen juridisch advies","text":true,"linkId":"947"},{"id":"814","title":"Gemeentebesluit - bezwaar en klacht","text":true,"linkId":"947"},{"id":"815","title":"UWV Werkbedrijf - klacht en info","text":true,"tags":["uw","uitkeringsinstelling","uwv","uv","uvw","uitkering"],"linkId":"947"},{"id":"903","title":"Alimentatie","text":"<h2 align=\"center\">Alimentatie en kinderbijdrage <\/h2>","tags":["alimentatie","kinderbijdrage"],"type":"list","linkId":"947","nodes":[{"id":"904","title":"Alimentatie berekenen","type":"link","linkId":"645"},{"id":"905","title":"Indexering van alimentatie","type":"link","linkId":"646"},{"id":"906","title":"Inning van achterstallige alimentatie","tags":["achterstallige","achterstallig","alimentatie"],"type":"link","linkId":"1181"}]},{"id":"1177","title":"Thuiszorg","text":true,"linkId":"947"},{"id":"1178","title":"Verpleeghuis, verzorgingshuis","text":true,"linkId":"947"},{"id":"1181","title":"Inning van achterstallige alimentatie hoofd","text":true,"linkId":"947"}]},{"id":"560","title":"Alle organisaties op een rij","tags":["organisaties"],"type":"list","linkId":"947","nodes":[{"id":"1039","title":"Accountantskamer  593","type":"link","linkId":"593"},{"id":"1055","title":"Autoriteit Financi\u00eble markten  671","type":"link","linkId":"671"},{"id":"1042","title":"Antidiscriminatiebureaus  640","type":"link","linkId":"640"},{"id":"1043","title":"Arbeidsinspectie  649","type":"link","linkId":"649"},{"id":"1044","title":"Belastingdienst 631","type":"link","linkId":"631"},{"id":"1046","title":"Bureau jeugdzorg  625","type":"link","linkId":"625"},{"id":"1047","title":"Centraal Justitieel Incassobureau (CJIB) 636","type":"link","linkId":"636"},{"id":"1048","title":"College Bescherming Persoonsgegevens 632","type":"link","linkId":"632"},{"id":"561","title":"College vd rechten van de mens (crm) 639","type":"link","linkId":"639"},{"id":"562","title":"Commissie gelijke behandeling 639","type":"link","linkId":"639"},{"id":"1049","title":"Consumentenbond  654","type":"link","linkId":"654"},{"id":"1050","title":"Consuwijzer  656","type":"link","linkId":"656"},{"id":"1095","title":"De Geschillencommissie 1095","tags":["geschillencommissie"],"type":"list","linkId":"947","nodes":[{"id":"1097","title":"Advocatuur 551","type":"link","linkId":"551"},{"id":"1098","title":"Afbouw 555","type":"link","linkId":"555"},{"id":"1099","title":"Airconditioning 565","type":"link","linkId":"565"},{"id":"1100","title":"Autoverhuur 574","type":"link","linkId":"574"},{"id":"1162","title":"Bestratingsbedrijf 1146","type":"link","linkId":"1146"},{"id":"1101","title":"Centrale Antenne Inrichtingen 582","type":"link","linkId":"582"},{"id":"1164","title":"Dakbedekking 1143","type":"link","linkId":"1143"},{"id":"1163","title":"Directe Verkoop 1150","type":"link","linkId":"1150"},{"id":"1102","title":"Doe-Het-Zelfbedrijven (D-H-Z) 584","type":"link","linkId":"584"},{"id":"1103","title":"Elektro 578","type":"link","linkId":"578"},{"id":"1104","title":"Elektronische Communicatiedien 580","type":"link","linkId":"580"},{"id":"1105","title":"Energie 573","type":"link","linkId":"573"},{"id":"1165","title":"Energielabel 1145","type":"link","linkId":"1145"},{"id":"1166","title":"Garantiewoningen 1144","type":"link","linkId":"1144"},{"id":"1167","title":"Geestelijke Gezondheidszorg 1155","type":"link","linkId":"1155"},{"id":"1106","title":"Gezelschapsdieren 589","type":"link","linkId":"589"},{"id":"1168","title":"Glas, Porselein en Aardewerk 1151","type":"link","linkId":"1151"},{"id":"1107","title":"Groen 585","type":"link","linkId":"585"},{"id":"1108","title":"Installerende Bedrijven 556","type":"link","linkId":"556"},{"id":"1109","title":"Kinderopvang 557","type":"link","linkId":"557"},{"id":"1110","title":"Makelaardij 549","type":"link","linkId":"549"},{"id":"1111","title":"Notariaat 550","type":"link","linkId":"550"},{"id":"1112","title":"Openbaar Vervoer 575","type":"link","linkId":"575"},{"id":"1113","title":"Optiek 568","type":"link","linkId":"568"},{"id":"1169","title":"Parket 1147","type":"link","linkId":"1147"},{"id":"1114","title":"Particuliere Onderwijsinstelli 554","type":"link","linkId":"554"},{"id":"1115","title":"Post 581","type":"link","linkId":"581"},{"id":"1116","title":"Recreatie 570","type":"link","linkId":"570"},{"id":"1117","title":"Reizen 569","type":"link","linkId":"569"},{"id":"1118","title":"Rijopleidingen 577","type":"link","linkId":"577"},{"id":"1119","title":"Schilders- Behangers-(SBG) 586","type":"link","linkId":"586"},{"id":"1170","title":"Sieraden en Uurwerken 1152","type":"link","linkId":"1152"},{"id":"1120","title":"Taxivervoer 576","type":"link","linkId":"576"},{"id":"1121","title":"Telecommunicatie 579","type":"link","linkId":"579"},{"id":"1171","title":"Textiel en Schoenen 1149","type":"link","linkId":"1149"},{"id":"1122","title":"Thuiswinkel 590","type":"link","linkId":"590"},{"id":"1123","title":"Tweewielers 566","type":"link","linkId":"566"},{"id":"1172","title":"Uiterlijke Verzorging 1154","type":"link","linkId":"1154"},{"id":"1124","title":"Verbouwingen 587","type":"link","linkId":"587"},{"id":"1125","title":"Verhuizen 583","type":"link","linkId":"583"},{"id":"1126","title":"Voertuigen 567","type":"link","linkId":"567"},{"id":"1127","title":"Water 572","type":"link","linkId":"572"},{"id":"1128","title":"Waterrecreatie 571","type":"link","linkId":"571"},{"id":"1174","title":"Webshop 1153","type":"link","linkId":"1153"},{"id":"1129","title":"Wonen 558","type":"link","linkId":"558"},{"id":"1130","title":"Zelfstandige Klinieken 553","type":"link","linkId":"553"},{"id":"1131","title":"Zorginstellingen 552","type":"link","linkId":"552"},{"id":"1173","title":"Verpleging en Thuiszorg 1156","type":"link","linkId":"1156"},{"id":"1175","title":"Zonwering 1148","type":"link","linkId":"1148"}]},{"id":"1052","title":"Dienst Uitvoering Onderwijs (DUO-IBG)  601","type":"link","linkId":"601"},{"id":"1053","title":"Notaris.nl 602","type":"link","linkId":"602"},{"id":"1054","title":"Europees consumenten centrum  652","type":"link","linkId":"652"},{"id":"1094","title":"Geschillencommissie 1095","type":"link","linkId":"1095"},{"id":"1056","title":"Huurcommissie  644","type":"link","linkId":"644"},{"id":"1057","title":"Juridisch loket  607","type":"link","linkId":"607"},{"id":"1058","title":"Centrum Intern. Kinderontvoering 626","type":"link","linkId":"626"},{"id":"1060","title":"Deurwaarders (KBvG) 595","type":"link","linkId":"595"},{"id":"1061","title":"Stichting Klachten Zorgverzekeringen 630","type":"link","linkId":"630"},{"id":"1062","title":"Klachteninstituut Fin. Dienstverlening 608","type":"link","linkId":"608"},{"id":"1063","title":"Klachteninstituut uitvaartwezen  657","type":"link","linkId":"657"},{"id":"1072","title":"Kon. Not. Beroepsorganisatie KNB 596","type":"link","linkId":"596"},{"id":"1041","title":"Landelijk Buro Onderhoudsbijdrage 645","type":"link","linkId":"629"},{"id":"1064","title":"Loonwijzer  669","type":"link","linkId":"669"},{"id":"1065","title":"Makelaars - NVM 594","type":"link","linkId":"594"},{"id":"1040","title":"Nederlandse Orde van Advocaten 597","type":"link","linkId":"597"},{"id":"1066","title":"Nederlands Mediation Instituut 627","type":"link","linkId":"627"},{"id":"1068","title":"Meldpunt Discriminatie Internet (mdi) 641","type":"link","linkId":"641"},{"id":"1069","title":"Meldpunt Internetoplichting  653","type":"link","linkId":"653"},{"id":"1070","title":"Meldpunt seksueel misbruik  616","type":"link","linkId":"616"},{"id":"1071","title":"Nationale Ombudsman  618","type":"link","linkId":"618"},{"id":"1073","title":"Ombudsman pensioenen  609","type":"link","linkId":"609"},{"id":"1074","title":"Per Saldo (pgb) 623","type":"link","linkId":"623"},{"id":"1059","title":"Politie 635","type":"link","linkId":"635"},{"id":"1075","title":"Qshops keurmerk  666","type":"link","linkId":"666"},{"id":"1076","title":"Raad voor de Journalistiek 638","type":"link","linkId":"638"},{"id":"1077","title":"Raad voor rechtsbijstand 633","type":"link","linkId":"633"},{"id":"1045","title":"Rechtspraak.nl 628","type":"link","linkId":"628"},{"id":"1078","title":"Reclame Code Commissie  605","type":"link","linkId":"605"},{"id":"1079","title":"Rijksoverheid  670","type":"link","linkId":"670"},{"id":"1080","title":"Schadefonds Geweldsmisdrijven  612","type":"link","linkId":"612"},{"id":"1081","title":"Sensoor  677","type":"link","linkId":"677"},{"id":"1082","title":"Slachtofferhulp nederland  610","type":"link","linkId":"610"},{"id":"1083","title":"Slachtofferloket  611","type":"link","linkId":"611"},{"id":"1084","title":"Sociaal raadslieden  600","type":"link","linkId":"600"},{"id":"1051","title":"Sociale verzekeringsbank 672","type":"link","linkId":"617"},{"id":"1085","title":"Steunpunt huiselijk geweld  614","type":"link","linkId":"614"},{"id":"1086","title":"Stichting de ombudsman  655","type":"link","linkId":"655"},{"id":"1087","title":"Stichting Korrelatie  676","type":"link","linkId":"676"},{"id":"1176","title":"Stichting Waarborg Koopwoningen 1161","type":"link","linkId":"1161"},{"id":"1088","title":"Stichting Webshop keurmerk  665","type":"link","linkId":"665"},{"id":"1038","title":"Thuiswinkel.org  651","type":"link","linkId":"947"},{"id":"1089","title":"Thuiswinkel Waarborg info  664","type":"link","linkId":"651"},{"id":"1067","title":"Tuchtcollege voor de gezondheidszorg 613","type":"link","linkId":"613"},{"id":"1090","title":"Uitkeringsinstelling UWV 622","type":"link","linkId":"622"},{"id":"1091","title":"Vakbond  650","type":"link","linkId":"650"},{"id":"1092","title":"Vereniging Eigen Huis  642","type":"link","linkId":"642"},{"id":"1093","title":"Woonbond  643","type":"link","linkId":"643"}]},{"id":"1132","title":"Info","type":"list","linkId":"947","nodes":[{"id":"1136","title":"Privacyreglement Advocaten.nl","text":true,"tags":["privacy","geheim","geheimhouding","geheimhouden","vertrouwelijk","vertrouwelijke","verschgoning","verschoningsrecht"],"linkId":"947"}]}]},{"id":"7","title":"Contact met een advocaat","text":true,"linkId":"203"}]}